| Description   |                 |
|---------------|-----------------|
| keywords      |                 |
| dir-name      |                 |`
| dir-name-en   |                 |
| tenant-type   | MySQL Mode      |

# 位图聚合函数

位图聚合函数提供了位图数据间，或位图数据与数值数据间的聚合运算，如将数值列聚合为位图数据值。OceanBase 数据库当前所支持的位图聚合函数包括 `rb_build_agg()`、`rb_or_agg()`和`rb_and_agg()` 。

## rb_build_agg

`rb_build_agg()` 函数将数值列聚合为位图数据。语法如下：

```sql
rb_build_agg(values)
```
输入参数 `values`（UINT64）是构建聚合位图数据的数值列。【为了兼容PG，此处支持[INT32_MIN,0)范围的负整数，负整数会被转换为uint32】【是否透出，TBD】

示例如下：

```sql
CREATE TABLE t1(val bigint);
INSERT INTO t1 VALUES(1),(2),(3);
SELECT rb_to_string(rb_build_agg(val)) FROM t1;
+---------------------------------+
| rb_to_string(rb_build_agg(val)) |
+---------------------------------+
| 1,2,3                           |
+---------------------------------+
1 row in set
```

## rb_or_agg

`rb_or_agg()` 函数将位图列的多行数据进行或运算，并聚合为位图数据。语法如下：

```sql
rb_or_agg(rb_in)
```
输入参数 `rb_in` 是要进行聚合运算的位图列。

示例如下：

```sql
CREATE TABLE t2(rb roaringbitmap);
INSERT INTO t2 VALUES (rb_from_string('1,2,3')),(rb_from_string('2,3,4'));
SELECT rb_to_string(rb_or_agg(rb)) FROM t2;
+-----------------------------+
| rb_to_string(rb_or_agg(rb)) |
+-----------------------------+
| 1,2,3,4                     |
+-----------------------------+
1 row in set
```

## rb_and_agg

`rb_and_agg()` 函数将位图列的多行数据进行与运算，并聚合为位图数据。语法如下：

```sql
rb_and_agg(rb_in)
```
输入参数 `rb_in` 是要进行聚合运算的位图列。

示例如下：

```sql
SELECT rb_to_string(rb_and_agg(rb)) FROM t2;
+------------------------------+
| rb_to_string(rb_and_agg(rb)) |
+------------------------------+
| 2,3                          |
+------------------------------+
1 row in set
```