| Description   |                 |
|---------------|-----------------|
| keywords      |                 |
| dir-name      |                 |
| dir-name-en   |                 |
| tenant-type   | Oracle Mode     |


# 创建 DML 触发器 


在表或视图上可以创建 DML 触发器，其触发事件由 DML 语句 `DELETE`、`INSERT` 和 `UPDATE` 组成。

  <main id="notice" >
    <h4>功能适用性</h4>
    <p>该内容仅适用于 OceanBase 数据库企业版。OceanBase 数据库社区版仅提供 MySQL 模式。</p>
  </main>

OceanBase 数据库当前版本支持创建 DML 行触发器，所包含的类型如下：

* `BEFORE INSERT FOR EACH ROW` 

* `AFTER INSERT FOR EACH ROW` 

* `BEFORE UPDATE FOR EACH ROW` 

* `AFTER UPDATE FOR EACH ROW` 

* `BEFORE DELETE FOR EACH ROW`

* `AFTER DELETE FOR EACH ROW`


触发器名与存储过程名称和包的名字不一样，它是单独的名字空间，因而触发器名称可以和表或存储过程有相同的名字。

## 创建 DML 触发器的语法 


创建 DML 触发器的语法如下：

```javascript
CREATE [OR REPLACE] TRIGGER trigger_name
{BEFORE | AFTER }
{INSERT | DELETE | UPDATE [OF column [, column ...]]}
ON [schema.] table_name 
[REFERENCING {OLD [AS] old | NEW [AS] new| PARENT as parent}]
FOR EACH ROW
[WHEN condition]
[FOLLOWS | PRECEDES] other_trigger_name
trigger_body;
```



参数解释如下表：


|     **参数**     |                **含义**                    |                            **说明**                       |
|----------------|---------------------------------------------------|------------------------------------------------------------------|
| BEFORE 和 AFTER | 指出触发器的触发时序分别为前触发和后触发方式。        | 前触发是在执行触发事件之前触发当前所创建的触发器；后触发是在执行触发事件之后触发当前所创建的触发器。   |
| FOR EACH ROW   | 说明触发器为行触发器。         | 行触发器要求当一个 DML 语句操作影响数据库中的多行数据时，对于其中的每个数据行，只要它们符合触发约束条件，均激活一次触发器。 |
| REFERENCING    | 说明相关名称，在行触发器的 PL 块和 `WHEN` 子句中可以使用相关名称参照当前的新、旧列值。默认的相关名称分别为 `OLD` 和 `NEW`。 | 触发器的 PL 块中应用相关名称时，必须在它们之前加冒号（:），但在 `WHEN` 子句中不能加冒号。    |
| FOLLOWS 和 PRECEDES | 定具有相同时间点的触发器的触发顺序。所指定的触发器必须存在并已成功编译，但不需要启用该触发器。 | <ul><li>FOLLOWS：表示正在创建的触发器必须在指定的触发器之后触发。</li><li> PRECEDES：表示正在创建的触发器必须在指定的触发器之前触发。</li></ul> |
| WHEN           | 说明触发约束条件。      | Condition 为一个逻辑表达式时，其中必须包含相关名称，而不能包含查询语句，也不能调用 PL 函数。`WHEN` 子句指定的触发约束条件只能用在 `BEFORE` 和 `AFTER` 行触发器中。 |


  <main id="notice" type='notice'>
    <h4>注意</h4>
    <p>当一个基表被修改（<code>INSERT</code>、<code>UPDATE</code> 或 <code>DELETE</code>）时要执行存储过程，执行触发器时根据其所依附的基表改动而自动触发，因此与应用程序无关，使用触发器可以保证数据的一致性和完整性。</p>
  </main>

## 触发器的使用限制 

触发器有如下使用限制：

* 触发器内部的 `SELECT` 语句只能为 `SELECT ... INTO ...` 结构，或者为定义游标所使用的 `SELECT` 语句。

* 触发器中不能使用数据库事务控制语句 `COMMIT`，`ROLLBACK` 和 `SVAEPOINT` 语句。

* 由触发器调用的存储过程或函数也不能使用数据库事务控制语句。



## OLD 和 NEW 伪记录 

当触发器被触发时，要引用被插入（`INSERT`）、更新（`UPDATE`）或删除（`DELETE`）的记录中的列值，有时要使用操作前或操作后列的值，语法如下：

* `:NEW` 修饰符表示访问操作完成后列的值。

* `:OLD` 修饰符表示访问操作完成前列的值。


使用有效性如下表所示：


| **特性**  | **INSERT** | **UPDATE** | **DELETE** |
|---------|------------|------------|------------|
| **OLD** | NULL       | 有效         | 有效         |
| **NEW** | 有效         | 有效         | NULL       |



示例：创建一个简单的触发器。

```javascript
obclient> CREATE TABLE regions(
        region_id     NUMBER(5,0),  
        region_name  VARCHAR(50)
    );
Query OK, 0 rows affected 

obclient>INSERT INTO regions VALUES(1,'Europe'),(4,'Middle East and Africa'),(3,'Asia'),(2,'Americas'); 
Query OK, 4 rows affected 
Records: 4  Duplicates: 0  Warnings: 0

obclient> CREATE TABLE reg_his AS SELECT * FROM regions WHERE 1=2;
Query OK, 0 rows affected 

obclient> CREATE OR REPLACE TRIGGER del_new_region
      BEFORE DELETE ON regions 
      FOR EACH ROW
      WHEN (old.region_id >3)
   BEGIN
      INSERT INTO reg_his(region_id , region_name )
           VALUES( :old.region_id, :old.region_name );
   END;
 /
Query OK, 0 rows affected 
```



上述示例中，当对 `regions` 表的数据进行删除操作时，把 `region_id` 大于 3 的记录移动到 `reg_his` 表中。

```javascript
obclient> SELECT * FROM regions;
+-----------+------------------------+
| REGION_ID | REGION_NAME            |
+-----------+------------------------+
|         1 | Europe                 |
|         4 | Middle East and Africa |
|         3 | Asia                   |
|         2 | Americas               |
+-----------+------------------------+
4 rows in set 

obclient> SELECT * FROM reg_his;
Empty set 

obclient> DELETE FROM regions WHERE region_id>2;
Query OK, 2 rows affected 

obclient> SELECT * FROM regions;
+-----------+-------------+
| REGION_ID | REGION_NAME |
+-----------+-------------+
|         1 | Europe      |
|         2 | Americas    |
+-----------+-------------+
2 rows in set 

obclient> SELECT * FROM reg_his;
+-----------+------------------------+
| REGION_ID | REGION_NAME            |
+-----------+------------------------+
|         4 | Middle East and Africa |
+-----------+------------------------+
1 row in set 
```


