| Description   |                 |
|---------------|-----------------|
| keywords      |                 |
| dir-name      |                 |
| dir-name-en   |                 |
| tenant-type   | Oracle Mode     |

# TRANSACTION

## 描述

该语句用于开启事务。

数据库事务（Database Transaction）是指作为单个逻辑工作单元执行的一系列操作。事务处理可以用来维护数据库的完整性，保证成批的 SQL 操作全部执行或全部不执行。

显示事务是用户自定义或用户指定的事务。通过 `BEGIN` 和 `BEGIN WORK`（`BEGIN` 和 `BEGIN WORK` 被作为 `START TRANSACTION`的别名）语句显示开始，以 `COMMIT` 或 `ROLLBACK` 语句显示结束。
  <main id="notice" type='explain'>
    <h4>说明</h4>
    <ul>
    <li>在事务 <code>COMMIT</code> 前，可以执行一条 <code>SELECT</code> 语句查看本事务中的操作是否已经生效。</li>
    <li>在事务 <code>COMMIT</code> 前，当前事务会话之外的会话都是看不到本事务中的操作的。即在事务 <code>COMMIT</code> 前，只有本事务 Session 的访问能读到最新的结果，本事务 Session 之外的访问是看不到最新结果的。</li>
    <li>如果您想回滚该事务，直接用 <code>ROOLBACK</code> 代替 <code>COMMIT</code>。</li>
    </ul>
  </main>

## 语法

```sql
transaction_stmt:
      START TRANSACTION [READ ONLY | READ WRITE];
    | BEGIN [WORK];
    | COMMIT [WORK];
    | ROLLBACK [WORK];
    | SET TRANSACTION {READ ONLY | READ WRITE};
```

## 参数解

|                      参数                       |                                                                                                                                 描述                                                                                                                                 |
|-----------------------------------------------|--------------------------------------------------------------------------------------------------------------------------------------------------------------------------------------------------------------------------------------------------------------------|
| START TRANSACTION \[READ ONLY \| READ WRITE\] | 开启事务语句。一旦开启事务，则随后的 SQL 数据操作语句（即 `INSERT`、`UPDATE`、`DELETE` 等）直到显式提交时才会生效。 <ul><li> `READ ONLY` 子句表示事务是只读方式开启，事务内不允许执行修改操作。   </li><li> `READ WRITE` 子句表示事务是读写方式开启，默认就是此种模式。</li></ul>    |
| BEGIN                                         | `BEGIN` 和 `BEGIN WORK` 被作为 `START TRANSACTION` 的别名。                                                                                                                                                                                                                |
| COMMIT                                        | 提交当前事务。                                                                                                                                                                                                                                                            |
| ROLLBACK                                      | 回滚当前事务。                                                                                                                                                                                                                                                            |
| SET TRANSACTION {READ ONLY \| READ WRITE}     | 将当前事务设置成 `READ ONLY` 或者 `READ WRITE` 模式。                                                                                                                                                                                                                           |

## 示例

创建示例表 `tbl1`。

```sql
obclient> CREATE TABLE tbl1 (id INT,name VARCHAR(10),num INT);
Query OK, 0 rows affected

obclient> INSERT INTO tbl1 VALUES (1, 'a',100),(2, 'b',200),(3, 'a',50);
Query OK, 3 rows affected
Records: 3  Duplicates: 0  Warnings: 0

obclient> SELECT * FROM tbl1;
+------+------+------+
| ID   | NAME | NUM  |
+------+------+------+
|    1 | a    |  100 |
|    2 | b    |  200 |
|    3 | a    |   50 |
+------+------+------+
3 rows in set
```

* 开始执行事务，将 `id` 为 `3` 的 `name` 改为 `c`，再插入一行。事务提交后，查看表 `tbl1` 的信息。

  ```sql
  obclient> START TRANSACTION;
  Query OK, 0 rows affected

  obclient> UPDATE tbl1 SET name = 'c' WHERE id = 3;
  Query OK, 1 row affected
  Rows matched: 1  Changed: 1  Warnings: 0

  obclient> INSERT INTO tbl1 VALUES (4, 'a', 30);
  Query OK, 1 row affected

  obclient> COMMIT;
  Query OK, 0 rows affected

  obclient> SELECT * FROM tbl1;
  +------+------+------+
  | ID   | NAME | NUM  |
  +------+------+------+
  |    1 | a    |  100 |
  |    2 | b    |  200 |
  |    3 | c    |   50 |
  |    4 | a    |   30 |
  +------+------+------+
  4 rows in set
  ```

* 开始执行事务，将 `id` 为 `3` 的 `name` 改为 `c`，再插入一行，查看表 `tbl1` 的信息。事务回滚后，再查看表 `tbl1` 的信息。

  ```sql
  obclient> BEGIN;
  Query OK, 0 rows affected

  obclient> UPDATE tbl1 SET name = 'c' WHERE id = 3;
  Query OK, 1 row affected
  Rows matched: 1  Changed: 1  Warnings: 0

  obclient> INSERT INTO tbl1 VALUES (4, 'd', 300);
  Query OK, 1 row affected

  obclient> SELECT * FROM tbl1;
  +------+------+------+
  | ID   | NAME | NUM  |
  +------+------+------+
  |    1 | a    |  100 |
  |    2 | b    |  200 |
  |    3 | c    |   50 |
  |    4 | d    |  300 |
  +------+------+------+
  4 rows in set

  obclient> ROLLBACK ;
  Query OK, 0 rows affected

  obclient> SELECT * FROM tbl1;
  +------+------+------+
  | ID   | NAME | NUM  |
  +------+------+------+
  |    1 | a    |  100 |
  |    2 | b    |  200 |
  |    3 | a    |   50 |
  +------+------+------+
  3 rows in set
  ```
