|description||
|---|---|
|keywords||
|dir-name||
|dir-name-en||
|tenant-type|Oracle Mode|

# 插入数据时提示重复的输入，错误代码 ORA-00001

本文介绍 OceanBase 数据库 Oracle 模式下插入数据时提示重复的输入并报 `ORA-00001` 错误的处理方法。

## 问题现象

向有主键的表 `t_insert` 中插入数据时，显示主键值重复。

```sql
obclient [SYS]> INSERT INTO t_insert(id, name, value) VALUES (3,'US', 10003),(4, 'JP', 10004);
ORA-00001: unique constraint '3' for key 'PRIMARY' violated
```

该报错信息对应的错误码信息如下：

* 错误码：ORA-00001

* OceanBase 错误码：5024

* SQLSTATE：23000

关于错误码的详细说明及介绍，请参见 [错误码概述](../../../../700.reference/900.error-code/700.error-code-of-oracle-mode/100.use-error-information-of-oracle-mode.md)。

## 可能原因

向表中插入数据时，如果表上有唯一性约束，再插入相同的记录时，系统就会报错。

## 解决方法

请参考以下两种方法解决冲突。

1. 查看 `t_insert` 表中的数据，确认插入的数据是否与主键列的数据重复及现有行数据的取舍。

   ```sql
   obclient [SYS]> SELECT * FROM t_insert;
   +----+------+-------+
   | ID | NAME | VALUE |
   +----+------+-------+
   |  1 | CN   | 10001 |
   |  2 | EN   | 10002 |
   |  3 | UK   | 10003 |
   |  4 | JP   | 10004 |
   +----+------+-------+
   4 rows in set
   ```

2. 如果需要保留已存在的行，可以执行以下语句，更新相应 `id=3` 中的数据。

   ```sql
   obclient [SYS]> UPDATE t_insert SET name = 'US' WHERE id = 3;
   Query OK, 1 row affected
   ```

   <main id="notice" type='explain'>
      <h4>说明</h4>
      <ul>
      <li>您也可以通过 <code>MERGE INTO</code> 语句来避免唯一键冲突。详细操作步骤，请参见 <a href="../../400.write-data-of-oracle-mode/400.replace-data-of-oracle-mode-in-develop.md">替换数据</a>。</li>
      <li>如果确定不需要保留已存在的行，可以根据条件将不需要的行删除。具体操作请参见 <a href="../../400.write-data-of-oracle-mode/300.delete-data-of-oracle-mode-in-develop.md">删除数据</a>。</li>
      </ul>
   </main>

3. 操作成功后，再次查看 `t_insert` 表中的数据。

   ```sql
   obclient [SYS]>  SELECT * FROM t_insert;
   +----+------+-------+
   | ID | NAME | VALUE |
   +----+------+-------+
   |  1 | CN   | 10001 |
   |  2 | EN   | 10002 |
   |  3 | US   | 10003 |
   |  4 | JP   | 10004 |
   +----+------+-------+
   4 rows in set
   ```
