# General data types

In OceanBase Database in MySQL mode, the general data types include numeric, date and time, character, LOB, text, enumeration, set, and JSON. This topic describes these data types.

## Numeric data types

Numeric data types include:

* Integer data types: BOOL, BOOLEAN, or TINYINT, SMALLINT, MEDIUMINT, INT or INTEGER, and BIGINT

* Fixed-point types: DECIMAL and NUMERIC

* Floating-point types: FLOAT and DOUBLE

* Bit-value type: BIT

<table>
   <tr>
       <th>Category</th>
       <th>Type</th>
       <th>Value range</th>
       <th>Description</th>
   </tr>
   <tr>
       <td rowspan="4">Numeric data type - integer</td>
       <td>BIGINT</td>
       <td>Signed: [-2<sup>63</sup>,2<sup>63</sup> - 1]</br>Unsigned: [0,2<sup>64</sup> - 1]</td>
       <td>Represents a large integer. </td>
   </tr>
   <tr>
       <td>INT</br>INTEGER</td>
       <td>Signed: [-2<sup>31</sup>,2<sup>31</sup> - 1]</br>Unsigned: [0,2<sup>32</sup> - 1]</td>
       <td>Represents a normal-sized integer. </td>
   </tr>
   <tr>
       <td>SMALLINT</td>
       <td>Signed: [-2<sup>15</sup>,2<sup>15</sup> - 1]</br>Unsigned: [0,2<sup>16</sup> - 1]</td>
       <td>Represents a small integer. </td>
   </tr>
   <tr>
       <td>BOOL</br>BOOLEAN</br>TINYINT</td>
       <td>Signed: [-2<sup>7</sup>,2<sup>7</sup> - 1]</br>Unsigned: [0,2<sup>8</sup> - 1]</td>
       <td><ul><li>The TINYINT data type is used to represent a very small integer. </li><li>The BOOL/BOOLEAN data type is a synonym for the TINYINT data type. A zero value indicates false, whereas a non-zero value indicates true. </li></ul></td>
   </tr>
   <tr>
       <td>Numeric data type - fixed-point</td>
       <td>DECIMAL</td>
       <td>The scale and precision depend on D and M, and whether the value is unsigned. M specifies the precision, which is the total number of digits that can be stored. D specifies the scale, which is the number of decimal places. The decimal point (.) and minus sign (-) are not counted in M. If D is 0, the value does not have the decimal point or fractional part. The result of subtracting D from M is the maximum number of valid digits in the integer part. When neither M nor D is specified, the precision is 65 digits for the results of all basic operations (addition, subtraction, multiplication, and division) involving a DECIMAL column. </td>
       <td>DECIMAL is equivalent to NUMERIC. </td>
   </tr>
   <tr>
       <td rowspan="2">Numeric data type - floating-point</td>
       <td>FLOAT</td>
       <td>Signed: [-2<sup>128</sup>,2<sup>128</sup>]</br>Unsigned: [-2<sup>1024</sup>,2<sup>1024</sup>]</br>Precision: 7 digits. </td>
       <td>Represents a small (single-precision) floating-point number. </td>
   </tr>
   <tr>
       <td>DOUBLE</td>
       <td>Signed: [-2<sup>1024</sup>,2<sup>1024</sup>]</br>Unsigned: [0,2<sup>1024</sup>]</br>Precision: 15 digits. </td>
       <td>Represents a normal-sized (double-precision) floating-point number. </td>
   </tr>
   <tr>
       <td>Numeric data type - integer/fixed-point/floating point</td>
       <td>NUMBER</br>NUMBER(P)</br>NUMBER(P, S)</td>
       <td>P stands for precision, and S stands for scale, the number of digits after the decimal point. The maximum precision is 38 and the scale ranges from -84 to 127. <ul><li>A value with both precision and scale is a fixed-point value. </li><li>A value with a scale of 0 is an integer value. </li><li>A value without precision and scale is a floating-point value with a maximum precision of 38. </li></ul></td>
       <td>Includes integers, fixed-point numbers, and floating-point numbers. </td>
   </tr>
   <tr>
       <td>Bit-value data type</td>
       <td>BIT</td>
       <td>A bit value consists of zeros and ones. The length is 1 bit. </td>
       <td>Stores bit values. </td>
   </tr>
</table>

## Date and time data types

Date and time data types: DATETIME, TIMESTAMP, DATE, TIME, and YEAR

<table>
   <tr>
       <th>Category</th>
       <th>Type</th>
       <th>Value range</th>
       <th>Description</th>
   </tr>
   <tr>
       <td rowspan="5">Date and time</td>
       <td>DATE</td>
       <td>The DATE type is used for values that contain only a date. The DATE values are retrieved and displayed in YYYY-MM-DD format. </td>
       <td>Represents a value with only the date part but no time part. </td>
   </tr>
   <tr>
       <td>TIME</td>
       <td>A TIME value contains only the time part and is displayed in the HH:MM:SS[.fraction] format. </td>
       <td>Represents a point in time in a day, the elapsed time, or the time interval between two events, which may be far greater than 24 hours. </td>
   </tr>
   <tr>
       <td>DATETIME</td>
       <td>A DATETIME value contains both the date and time (not time zone specific) parts, and is displayed in the YYYY-MM-DD   HH:MM:SS[.fraction] format. </td>
       <td>Represents a value that contains both the date and time parts. </td>
   </tr>
   <tr>
       <td>TIMESTAMP</td>
       <td>A TIMESTAMP value contains both the date and time (time zone specific) parts. </td>
       <td>Represents a value that contains both the date and time parts. </td>
   </tr>
   <tr>
       <td>YEAR</td>
       <td>YYYY,[1901,  2155]</td>
       <td>Represents a 4-digit year. </td>
   </tr>
</table>

## Character data types

Character data types: CHAR, VARCHAR, BINARY, and VARBINARY

<table>
   <tr>
       <th>Category</th>
       <th>Type</th>
       <th>Value range</th>
       <th>Description</th>
   </tr>
   <tr>
       <td rowspan="2">Character data type - variable-length</td>
       <td>VARCHAR(N)</td>
       <td>Maximum length: 256 KB. Character set: UTF8MB4. </td>
       <td>The declared length is the maximum number of characters that can be stored. </td>
   </tr>
   <tr>
       <td>VARBINARY</td>
       <td>Maximum length: 256 KB. Character set: BINARY. </td>
       <td>It is similar to the VARCHAR data type but stores binary byte strings. </td>
   </tr>
   <tr>
       <td rowspan="2">Character data type - fixed-length</td>
       <td>CHAR(N)</td>
       <td>Maximum length: 256. Character set: UTF8MB4. </td>
       <td>The declared length is the maximum number of characters that can be stored. </td>
   </tr>
   <tr>
       <td>BINARY</td>
       <td>Maximum length: 256. Character set: BINARY. </td>
       <td>It is similar to the CHAR data type but stores binary byte strings. </td>
   </tr>
</table>

## BLOB data types

BLOB data types: TINYBLOB, BLOB, MEDIUMBLOB, and LONGBLOB

<table>
   <tr>
       <th>Category</th>
       <th>Type</th>
       <th>Value range</th>
       <th>Description</th>
   </tr>
   <tr>
       <td rowspan="4">Type</td>
       <td>TINYBLOB</td>
       <td>Binary text that contains a maximum of 255 characters or is up to 255 bytes in size. </td>
       <td>Represents a BLOB type with a maximum length of 255 bytes. </td>
   </tr>
   <tr>
       <td>BLOB</td>
       <td>Long binary text that is up to 65 KB in size. </td>
       <td>Represents a BLOB type with a maximum length of 65,535 bytes. </td>
   </tr>
   <tr>
       <td>MEDIUMBLOB</td>
       <td>Longer binary text that is up to 16 MB in size. </td>
       <td>Represents a BLOB type with a maximum length of 16,777,215 bytes. </td>
   </tr>
   <tr>
       <td>LONGBLOB</td>
       <td>Ultra-long binary text that is up to 4 GB in size. </td>
       <td>Represents a BLOB type with a maximum length of 4,294,967,295 bytes. </td>
   </tr>
</table>

## Text data types

Text data types: TINYTEXT, TEXT, MEDIUMTEXT, and LONGTEXT

<table>
   <tr>
       <th>Category</th>
       <th>Type</th>
       <th>Value range</th>
       <th>Description</th>
   </tr>
   <tr>
       <td rowspan="4">Type</td>
       <td>TINYTEXT</td>
       <td>Up to 255 bytes, [2<sup>8</sup> - 1]. </td>
       <td>Represents a TEXT type with a maximum length of 256 characters. If the value contains a multi-byte character, the maximum valid length is reduced. </td>
   </tr>
   <tr>
       <td>TEXT</td>
       <td>Up to 65 KB in size, [2<sup>16</sup> - 1] </td>
       <td>Represents a TEXT type with a maximum length of 65,536 characters. If the value contains a multi-byte character, the maximum valid length is reduced. </td>
   </tr>
   <tr>
       <td>MEDIUMTEXT</td>
       <td>Up to 16 MB in size, [2<sup>24</sup> - 1] </td>
       <td>Represents a TEXT type with a maximum length of 16,777,216 characters. If the value contains a multi-byte character, the maximum valid length is reduced. </td>
   </tr>
   <tr>
       <td>LONGTEXT</td>
       <td>Up to 48 MB in size. </td>
       <td>Represents a TEXT type with a maximum length of 50,331,648 characters or 48 MB in size. If the value contains a multi-byte character, the maximum valid length is reduced. The maximum valid length of a LONGTEXT column also depends on the maximum packet size and available memory configured in the client/server protocol. </td>
   </tr>
</table>

## ENUM data type

Enumeration data type: One value is selected within a given range, for example, male or female for gender.

| **Classification** | **Type** | Value range | Description |
|--------------------|--------|-----------------------------------------|---------------------------------------------------------------------|
| Type | ENUM | Maximum number of elements: 65,535. Maximum length of each element: 255 characters. Character set: UTF8MB4.  | Represents a string object with only one value. The value must be sourced from the list `'value1', 'value2', ...` Enumerated values must be strings with quotation marks.  |

## SET data type

Set data type: One or more values can be selected within a given range.

| **Classification** | **Type** | Value range | Description |
|--------------------|--------|-----------------------------------------|----------------------------------------------------------|
| Type | SET | Maximum number of elements: 65,535. Maximum length of each element: 255 characters. Character set: UTF8MB4.  | Represents a string object with zero or more values, and each value is sourced from the list `'Value1', 'Value2', ...` |

## JSON data type

| **Classification** | **Type** | Value range | Description |
|--------------------|--------|----------------------|-------------------------|
| Type | JSON | JSON data can be in the form of objects or arrays.  | The JSON data type uses a lightweight text data format to store and represent data.  |

## Examples

### Example 1

1. Create a table named `All types`.

   ```sql
   CREATE TABLE `All types` (
     `col1` int(11) NOT NULL AUTO_INCREMENT COMMENT 'Column 1',
     `col2` integer DEFAULT NULL COMMENT 'Column 2',
     `col3` decimal(10,2) DEFAULT NULL COMMENT 'Column 3',
     ` col4` number DEFAULT NULL COMMENT 'Column 4',
     `col5` tinyint(4) DEFAULT NULL COMMENT 'Column 5',
     `col6` smallint(6) DEFAULT NULL COMMENT 'Column 6',
     `col7` mediumint(9) DEFAULT NULL COMMENT 'Column 7',
     `col8` bigint(20) DEFAULT NULL COMMENT 'Column 8',
     `col9` float(10,2) DEFAULT NULL COMMENT 'Column 9',
     `col10` double(10,2) DEFAULT NULL COMMENT 'Column 10',
     `col11` varchar(10) DEFAULT NULL COMMENT 'Column 11',
     `col12` char(10) NOT NULL DEFAULT 'Chinese field' COMMENT 'Column 12',
     `col13` text DEFAULT NULL COMMENT 'Column 13',
     `col14` tinytext DEFAULT NULL COMMENT 'Column 14',
     `col15` mediumtext DEFAULT NULL COMMENT 'Column 15',
     `col16` longtext DEFAULT NULL COMMENT 'Column 16',
     `col17` blob DEFAULT NULL COMMENT 'Column 17',
     `col18` tinyblob DEFAULT NULL COMMENT 'Column 18',
     `col19` longblob DEFAULT NULL COMMENT 'Column 19',
     `col20` mediumblob DEFAULT NULL COMMENT 'Column 20',
     `col21` binary(16) DEFAULT NULL COMMENT 'Column 21',
     `col22` varbinary(16) DEFAULT NULL COMMENT 'Column 22',
     `col23` timestamp NOT NULL DEFAULT CURRENT_TIMESTAMP COMMENT 'Column 23',
     `col24` time DEFAULT NULL COMMENT 'Column 24',
     `col25` date DEFAULT NULL COMMENT 'Column 25',
     `col26` datetime DEFAULT NULL COMMENT 'Column 26',
     `col27` year(4) DEFAULT NULL COMMENT 'Column 27',
     PRIMARY KEY (`col1`)
   ) AUTO_INCREMENT = 1 DEFAULT CHARSET = utf8mb4 ROW_FORMAT = DYNAMIC COMPRESSION = 'zstd_1.0' REPLICA_NUM = 1 BLOCK_SIZE = 16384 USE_BLOOM_FILTER = FALSE TABLET_SIZE = 134217728 PCTFREE = 0 COMMENT = 'All types';
   ```

2. Insert data into the `All types` table.

   ```sql
   obclient> INSERT INTO `full-type table` VALUES(101,2,3,4,5,6,7,8,9.1,10.1,'Eleven','Twelve','Thirteen','Fourteen','Fifteen','Sixteen','Seventeen','Eighteen','Nineteen','Twenty','Twenty-one','Twenty-two','19700101','00:00:00','19700101','19700101','1970');
   Query OK, 1 row affected
   ```

3. Query data in the `All types` table.

   ```sql
   obclient> select * from `All types`;
   +------+------+------+-------+------+------+------+------+------+-------+--------+--------+--------+--------+--------+--------+--------+--------+--------+--------+------------------+-----------+---------------------+----------+------------+---------------------+-------+
   | col1 | col2 | col3 |  col4 | col5 | col6 | col7 | col8 | col9 | col10 | col11  | col12  | col13  | col14  | col15  | col16  | col17  | col18  | col19  | col20  | col21            | col22     | col23               | col24    | col25      | col26               | col27 |
   +------+------+------+-------+------+------+------+------+------+-------+--------+--------+--------+--------+--------+--------+--------+--------+--------+--------+------------------+-----------+---------------------+----------+------------+---------------------+-------+
   |  101 |    2 | 3.00 |     4 |    5 |    6 |    7 |    8 | 9.10 | 10.10 | Eleven   | Twelve   | Thirteen   | Fourteen   | Fifteen   | Sixteen   | Seventeen   | Eighteen   | Nineteen   | Twenty   | Twenty-one           | Twenty-two    | 1970-01-01 00:00:00 | 00:00:00 | 1970-01-01 | 1970-01-01 00:00:00 |  1970 |
   +------+------+------+-------+------+------+------+------+------+-------+--------+--------+--------+--------+--------+--------+--------+--------+--------+--------+------------------+-----------+---------------------+----------+------------+---------------------+-------+
   1 row in set
   ```

### Example 2

1. Create a table named `t_bool`.

   ```sql
   obclient> CREATE TABLE t_bool(c1 bool);
   Query OK, 0 rows affected
   ```

2. Insert data into the `t_bool` table.

   ```sql
   obclient> INSERT INTO t_bool VALUES(1);
   Query OK, 1 row affected
   ```

3. Query data in the `t_bool` table.

   ```sql
   obclient> SELECT * FROM t_bool;
   +------+
   | c1   |
   +------+
   |    1 |
   +------+
   1 row in set
   ```

### Example 3

1. Create a table named `t_boolean`.

   ```sql
   obclient> CREATE TABLE t_boolean(c1 boolean);
   Query OK, 0 rows affected
   ```

2. Insert data into the `t_boolean` table.

   ```sql
   obclient> INSERT INTO t_boolean VALUES(1);
   Query OK, 1 row affected
   ```

3. Query data in the `t_boolean` table.

   ```sql
   obclient> SELECT * FROM t_boolean;
   +------+
   | c1   |
   +------+
   |    1 |
   +------+
   1 row in set
   ```

### Example 4

1. Create a table named `t_bit`.

   ```sql
   obclient> CREATE TABLE t_bit(c1 bit(8));
   Query OK, 0 rows affected
   ```

2. Insert data into the `t_bit` table.

   ```sql
   obclient> INSERT INTO t_bit VALUES(101);
   Query OK, 1 row affected
   ```

3. Query data in the `t_bit` table.

   ```sql
   obclient> SELECT c1,bin(c1),hex(c1) FROM t_bit;
   +------+---------+---------+
   | c1   | bin(c1) | hex(c1) |
   +------+---------+---------+
   | e    | 1100101 | 65      |
   +------+---------+---------+
   1 row in set
   ```

### Example 5

1. Create a table named `t_enum`.

   ```sql
   obclient> CREATE TABLE t_enum(c1 enum('RED','GREEN','BLUE'));
   Query OK, 0 rows affected
   ```

2. Insert data into the `t_enum` table.

   ```sql
   obclient> INSERT INTO t_enum VALUES('RED');
   Query OK, 1 row affected
   ```

3. Query data in the `t_enum` table.

   ```sql
   obclient>  SELECT * FROM t_enum;
   +------+
   | c1   |
   +------+
   | RED  |
   +------+
   1 row in set
   ```

### Example 6

1. Create a table named `t_enum`.

   ```sql
   obclient> CREATE TABLE t_enum(c1 enum('RED','GREEN','BLUE'));
   Query OK, 0 rows affected
   ```

2. Insert data into the `t_enum` table.

   ```sql
   obclient> INSERT INTO t_enum VALUES('RED');
   Query OK, 1 row affected
   ```

3. Query data in the `t_enum` table.

   ```sql
   obclient>  SELECT * FROM t_enum;
   +------+
   | c1   |
   +------+
   | RED  |
   +------+
   1 row in set
   ```

### Example 7

1. Create a table named `t_json`.

   ```sql
   obclient> CREATE TABLE t_json(c1 json);
   Query OK, 0 rows affected
   ```

2. Insert data into the `t_json` table.

   ```sql
   obclient>  INSERT INTO t_json VALUES( '{"name":"ny", "gender":"Male","age":22}' );
   Query OK, 1 row affected
   ```

3. Query data in the `t_json` table.

   ```sql
   obclient> SELECT * FROM t_json;
   +--------------------------------------------+
   | c1                                         |
   +--------------------------------------------+
   | {"age": 22, "name": "ny", "gender": "Male"}  |
   +--------------------------------------------+
   1 row in set
   ```
