| Description   |                 |
|---------------|-----------------|
| keywords      |                 |
| dir-name      |                 |
| dir-name-en   |                 |
| tenant-type   | Oracle Mode     |

# 查询 XMLType 数据类型

OceanBase 数据库支持使用以下方式查询 XMLType 数据：

- 使用 `SELECT` 语句访问 XMLType 数据类型的列。
- 通过 XML 函数 `XMLSERIALIZE()`，或者 XMLType 的 `GETCLOBVAL()` 和 `GETSTRINGVAL()` 方法进行访问，此时得到 XML 文本的数据类型是由函数或方法所定义的，例如 `VARCHAR2` 或者 `CLOB`。
- 通过 `EXTRACT(XML)` 函数获取 XML 文本中的一个合法片段，此时返回的结果类型是 XMLType。
- 通过 `EXTRACTVALUE()` 函数获取 XML 文本中的一个合法片段，当前仅支持 `VARCHAR2` 返回值类型。

此外，OceanBase 数据库对 XMLType 类型执行的 DML 操作有以下规则：

- 对于`VARCHAR`、`VARCHAR2`、`CHAR` 等数据类型的合法 XML 数据，可以直接插入 XMLType 列。
- 如果`XMLPARSE()` 函数的结果是合法的 `DOCUMENT`，可以直接插入 XMLType 列。
- 如果`XMLPARSE()` 函数的结果是 `CONTENT`，则无论其内容是否可看作一个合法的 XML `DOCUMENT`（即符合 XMLType 1.0 的语法，且有唯一根元素），都无法插入 XMLType 列。
- 如果 XMLType 构造函数的结果是合法的，可以直接插入 XMLType 列。

查询 XMLType 数据类型和相关 DML 操作的示例如下。

```sql
# 执行 INSERT 操作

obclient> CREATE TABLE tt(c1 XMLType, c2 XMLType);
Query OK, 0 rows affected

obclient> INSERT INTO tt VALUES('<a>abc</a>', '<a>ccc</a>');
Query OK, 1 row affected

obclient> INSERT INTO tt VALUES(XMLType('<b>abc</b>'), XMLPARSE(DOCUMENT '<b>ccc</b>'));
Query OK, 1 row affected

# 直接使用 SELECT 查询
obclient> SELECT c1 FROM tt;
+-------------+
| C1          |
+-------------+
| <a>abc</a>
 |
| <b>abc</b>
 |
+-------------+
2 rows in set

# 通过 XML 函数或者 PL 方法查询。通过此种方式访问列时，必须使用表别名。
obclient> SELECT a.c1.GETCLOBVAL() FROM tt a;
+-------------------+
| A.C1.GETCLOBVAL() |
+-------------------+
| <a>abc</a>
       |
| <b>abc</b>
       |
+-------------------+
2 rows in set

obclient> SELECT a.c1.GETSTRINGVAL() FROM tt a;
+---------------------+
| A.C1.GETSTRINGVAL() |
+---------------------+
| <a>abc</a>
         |
| <b>abc</b>
         |
+---------------------+
2 rows in set

# 通过 XMLSERIALIZE() 函数查询
obclient> SELECT XMLSERIALIZE(DOCUMENT c1) FROM tt;
+--------------------------+
| XMLSERIALIZE(DOCUMENTC1) |
+--------------------------+
| <a>abc</a>
              |
| <b>abc</b>
              |
+--------------------------+
2 rows in set

# INSERT + SELECT 场景
obclient> CREATE TABLE test_xml1(
    c1 NUMBER, c2 BINARY_FLOAT, c3 BINARY_DOUBLE,
    c4 DATE, c5 VARCHAR(100), c6 CHAR(100),
    c7 CLOB, c8 BLOB, c9 TIMESTAMP, c10 TIMESTAMP WITH TIME ZONE,
    c11 TIMESTAMP WITH LOCAL TIME ZONE, c12 RAW(100),
    c13 INTERVAL YEAR TO MONTH,
    c14 INTERVAL DAY TO SECOND, c15 NVARCHAR2(100),
    c16 NCHAR(100), c17 VARCHAR2(20), c18 XMLType);
Query OK, 0 rows affected

obclient> CREATE TABLE test_xml2(c1 INT, c2 XMLType);
Query OK, 0 rows affected

obclient> INSERT INTO test_xml2 SELECT 5, c5 FROM test_xml1;
Query OK, 0 rows affected

# UPDATE 场景
obclient> CREATE TABLE test_xml3(c1 NUMBER, c2 XMLType);
Query OK, 0 rows affected

obclient> UPDATE test_xml3 SET c2='<a>abc</a>';
Query OK, 0 rows affected
Rows matched: 0  Changed: 0  Warnings: 0

obclient> UPDATE test_xml3 SET c2=XMLPARSE(DOCUMENT '<a>ccc</a>');
Query OK, 0 rows affected

obclient> UPDATE test_xml3 SET c2=(SELECT c2 FROM tt);
OBE-01427: single-row subquery returns more than one row
```

## 相关文档

更多 XML 函数和 PL 方法相关的内容，请参见以下信息：

[XMLSERIALIZE()](../../../500.functions-of-oracle-mode/200.single-row-functions-of-oracle-mode/1300.xml-functions-of-oracle-mode/300.querying-xmltype-data-functions-of-oracle-mode/300.xmlserialize-function-of-oracle-mode.md)

[EXTRACT(XML)](../../../500.functions-of-oracle-mode/200.single-row-functions-of-oracle-mode/1300.xml-functions-of-oracle-mode/300.querying-xmltype-data-functions-of-oracle-mode/100.extract-function-of-oracle-mode.md)

[EXTRACTVALUE()](../../../500.functions-of-oracle-mode/200.single-row-functions-of-oracle-mode/1300.xml-functions-of-oracle-mode/300.querying-xmltype-data-functions-of-oracle-mode/200.extract-value-function-of-oracle-mode.md)

[XMLPARSE()](../../../500.functions-of-oracle-mode/200.single-row-functions-of-oracle-mode/1300.xml-functions-of-oracle-mode/200.construct-xmltype-data-functions-of-oracle-mode/400.xmlparse-function-of-oracle-mode.md)

[GETCLOBVAL](../../../../../300.pl-reference/300.pl-oracle/1400.pl-system-package-oracle/29600.xmltype-oracle/300.getclobval-oracle.md)

[GETSTRINGVAL](../../../../../300.pl-reference/300.pl-oracle/1400.pl-system-package-oracle/29600.xmltype-oracle/400.getstringval-oracle.md)
