| description ||
|---|---|
| keywords ||
| dir-name ||
| dir-name-en ||
| tenant-type | Oracle Mode |

# Query materialized views

This topic describes how to query materialized views. 

## View the definition of a materialized view

You can use the `SHOW CREATE TABLE` statement to query the definition of a materialized view. 

Here is an example:

Query the definition of a materialized view named `mv_tbl1`. 

```sql
obclient [SYS]> SHOW CREATE TABLE mv_tbl1;
```

The return result is as follows:

```shell
+---------+---------------------------------------------------------------------------------------------------------------------------------------------------------+----------------------+----------------------+
| VIEW    | CREATE VIEW                                                                                                                                             | CHARACTER_SET_CLIENT | COLLATION_CONNECTION |
+---------+---------------------------------------------------------------------------------------------------------------------------------------------------------+----------------------+----------------------+
| MV_TBL1 | CREATE MATERIALIZED VIEW "MV_TBL1" AS select "SYS"."TBL1"."ID" AS "ID","SYS"."TBL1"."NAME" AS "NAME" from "SYS"."TBL1" where ("SYS"."TBL1"."AGE" >= 20) | utf8mb4              | utf8mb4_bin          |
+---------+---------------------------------------------------------------------------------------------------------------------------------------------------------+----------------------+----------------------+
1 row in set
```

## View the information about materialized views by using system views

The following table describes system views that you can query to view the information about materialized views.

| **View name** | **Description** |
|------------|--------------|
| [ALL_MVIEWS](../../../../../700.system-views/500.system-view-of-oracle-mode/200.dictionary-view-of-oracle-mode/2200.all_mviews-of-oracle-mode.md) | Displays the information about materialized views.  |
| [DBA_MVREF_STATS_SYS_DEFAULTS](../../../../../700.system-views/500.system-view-of-oracle-mode/200.dictionary-view-of-oracle-mode/9900.dba_mvref_stats_sys_defaults-of-oracle-mode.md) | Displays all default values of the refresh history statistics properties for materialized views in the entire system.  |
| [DBA_MVREF_STATS_PARAMS](../../../../../700.system-views/500.system-view-of-oracle-mode/200.dictionary-view-of-oracle-mode/9800.dba_mvref_stats_params-of-oracle-mode.md) | Displays the refresh statistics properties associated with each materialized view.  |
| [DBA_MVREF_RUN_STATS](../../../../../700.system-views/500.system-view-of-oracle-mode/200.dictionary-view-of-oracle-mode/9600.dba_mvref_run_stats-of-oracle-mode.md) | Displays the information about each refresh of the materialized views. Each refresh is identified by a REFRESH_ID.  |
| [DBA_MVREF_STATS](../../../../../700.system-views/500.system-view-of-oracle-mode/200.dictionary-view-of-oracle-mode/9700.dba_mvref_stats-of-oracle-mode.md) | Displays the basic timing statistics of materialized view refreshes.  |
| [DBA_MVREF_CHANGE_STATS](../../../../../700.system-views/500.system-view-of-oracle-mode/200.dictionary-view-of-oracle-mode/9500.dba_mvref_change_stats-of-oracle-mode.md) | Displays refresh statistics of materialized views.  |
| [DBA_MVREF_STMT_STATS](../../../../../700.system-views/500.system-view-of-oracle-mode/200.dictionary-view-of-oracle-mode/10000.dba_mvref_stmt_stats-of-oracle-mode.md) | Displays the information about the refresh statements of materialized views.  |

Here is an example:

```sql
SELECT owner, mview_name, container_name, query, query_len FROM sys.DBA_MVIEWS;
```

The return result is as follows:

```shell
+---------+--------------+-----------------------+---------------------------------------------------------------------------------------------------------------------------------------------------------------------------------------------------+-----------+
| OWNER   | MVIEW_NAME   | CONTAINER_NAME        | QUERY                                                                                                                                                                                             | QUERY_LEN |
+---------+--------------+-----------------------+---------------------------------------------------------------------------------------------------------------------------------------------------------------------------------------------------+-----------+
| SYS     | MV_TBL1_TBL2 | __mv_container_500214 | select "T1"."ID" AS "ID","T1"."NAME" AS "NAME","T2"."NOTES" AS "NOTES" from "SYS"."TBL1" "T1","SYS"."TBL2" "T2" where ("T1"."ID" = "T2"."TBL1_ID")                                                |       146 |
| SYS     | MV3_TBL1     | __mv_container_500211 | select "SYS"."TBL1"."ID" AS "ID","SYS"."TBL1"."NAME" AS "NAME" from "SYS"."TBL1" where ("SYS"."TBL1"."AGE" >= 20)                                                                                 |       113 |
| SYS     | MV2_TBL1     | __mv_container_500208 | select "SYS"."TBL1"."ID" AS "ID","SYS"."TBL1"."NAME" AS "NAME" from "SYS"."TBL1" where ("SYS"."TBL1"."AGE" >= 20)                                                                                 |       113 |
| SYS     | MV1_TBL1     | __mv_container_500205 | select "SYS"."TBL1"."ID" AS "ID","SYS"."TBL1"."NAME" AS "NAME" from "SYS"."TBL1" where ("SYS"."TBL1"."AGE" >= 20)                                                                                 |       113 |
| SYS     | MV_TBL3      | __mv_container_500202 | select "SYS"."TBL3"."COL2" AS "COL2",count(*) AS "CNT",count("SYS"."TBL3"."COL3") AS "CNT_COL3",sum("SYS"."TBL3"."COL3") AS "SUM_COL3" from "SYS"."TBL3" group by "SYS"."TBL3"."COL2"             |       181 |
| SYS     | MV_TBL1      | __mv_container_500179 | select "SYS"."TBL1"."ID" AS "ID","SYS"."TBL1"."NAME" AS "NAME" from "SYS"."TBL1" where ("SYS"."TBL1"."AGE" >= 20)                                                                                 |       113 |
| USER001 | MV_TEST_TBL1 | __mv_container_500154 | select "USER001"."TEST_TBL1"."COL1" AS "COL1","USER001"."TEST_TBL1"."COL2" AS "COL2","USER001"."TEST_TBL1"."COL3" AS "COL3" from "USER001"."TEST_TBL1" where ("USER001"."TEST_TBL1"."COL3" >= 30) |       193 |
+---------+--------------+-----------------------+---------------------------------------------------------------------------------------------------------------------------------------------------------------------------------------------------+-----------+
7 rows in set
```