# ALTER RESOURCE TENANT

## 描述

当资源池已分配给租户后，如果要修改资源池配置中的 `UNIT_NUM`，需要使用 `ALTER RESOURCE TENANT` 语句。

如果要修改资源池的其他属性，需要使用 `ALTER RESOURCE POOL` 语句，有关 `ALTER RESOURCE POOL` 语句的详细介绍，请参见 [ALTER RESOURCE POOL](300.alter-resource-pool.md)。

## 使用限制及注意事项

* `ALTER RESOURCE TENANT` 语句修改的是租户下所有资源池的 Unit 个数。

* 使用 `ALTER RESOURCE TENANT` 语句执行租户的扩缩容操作前，需要为该租户设置负载均衡策略，否则可能会导致扩缩容失败。为租户设置负载均衡策略的详细操作及说明，请参见 [通过调整 Unit Number 实现租户扩缩容](../../../../600.manage/200.tenant-management/600.common-tenant-operations/800.tenant-scale-in-and-out/300.adjust-unit-number.md)。

## 权限要求

仅 `sys` 租户的 `root` 用户（`root@sys`）可以修改租户的资源池配置，其他租户不支持修改租户的资源池配置。

## 语法

```sql
ALTER RESOURCE TENANT tenant_name UNIT_NUM [=] unit_num [ DELETE UNIT_GROUP = ( unit_group_id_list ) ];
```

## 参数说明

|  **参数**         |   **描述**                                                                                      |
|-------------------|-------------------------------------------------------------------------------------------------|
| tenant_name       | 待修改资源池配置的租户名称。                                                                       |
| unit_num          | 修改租户下所有资源池的 Unit 个数。增加 `UNIT_NUM` 时，其值需要小于或等于目标 Zone 内节点的个数。                              |
| unit_group_id_list | 仅用于缩容场景。减小 `unit_num` 时，使用 `DELETE UNIT_GROUP` 可以删除指定的 Unit GROUP。如果不指定 `DELETE UNIT_GROUP`，系统将随机删除相应个数的 Unit Group。 |

## 示例

* 将租户 `tenant1` 下所有资源池的 Unit 个数修改为 3。

  ```sql
  obclient [oceanbase]> ALTER RESOURCE TENANT tenant1 UNIT_NUM = 3;
  ```

* 缩容场景下，删除租户 `tenant2` 下 `UNIT_GROUP_ID` 为 `1006` 的 Unit Group。

  1. 依次执行以下命令，开启负载均衡。

     ```sql
     obclient [oceanbase]> ALTER SYSTEM SET enable_rebalance = true TENANT = 'tenant2';
     ```

     ```sql
     obclient [oceanbase]> ALTER SYSTEM SET enable_transfer = true TENANT = 'tenant2';
     ```

  2. 获取租户的 `TENANT_ID`。

     ```sql
     obclient [oceanbase]> SELECT TENANT_ID,TENANT_NAME,TENANT_TYPE FROM oceanbase.DBA_OB_TENANTS WHERE TENANT_NAME = 'tenant2';
     ```

     查询结果如下：

     ```shell
     +-----------+-------------+-------------+
     | TENANT_ID | TENANT_NAME | TENANT_TYPE |
     +-----------+-------------+-------------+
     |      1006 | tenant2     | USER        |
     +-----------+-------------+-------------+
     1 row in set
     ```
  
  3. 查看租户所拥有的 Unit，并获取待删除的 `UNIT_GROUP_ID`。

     ```sql
     obclient [oceanbase]> SELECT * FROM oceanbase.DBA_OB_UNITS WHERE TENANT_ID = 1006;
     ```

     查询结果如下：

     ```shell
     +---------+-----------+--------+------------------+---------------+----------------------------+----------------------------+-------+----------------+----------+---------------------+-----------------------+----------------+----------------+---------+---------+-------------+---------------+---------------------+---------------------+-------------+
     | UNIT_ID | TENANT_ID | STATUS | RESOURCE_POOL_ID | UNIT_GROUP_ID | CREATE_TIME                | MODIFY_TIME                | ZONE  | SVR_IP         | SVR_PORT | MIGRATE_FROM_SVR_IP | MIGRATE_FROM_SVR_PORT | MANUAL_MIGRATE | UNIT_CONFIG_ID | MAX_CPU | MIN_CPU | MEMORY_SIZE | LOG_DISK_SIZE | MAX_IOPS            | MIN_IOPS            | IOPS_WEIGHT |
     +---------+-----------+--------+------------------+---------------+----------------------------+----------------------------+-------+----------------+----------+---------------------+-----------------------+----------------+----------------+---------+---------+-------------+---------------+---------------------+---------------------+-------------+
     |    1016 |      1006 | ACTIVE |             1003 |          1006 | 2023-09-25 17:06:38.569419 | 2023-09-25 18:01:30.069547 | zone1 | xxx.xx.xxx.194 |     2882 | NULL                |                  NULL | NULL           |           1002 |       1 |       1 |  5368709120 |   16106127360 | 9223372036854775807 | 9223372036854775807 |           1 |
     |    1017 |      1006 | ACTIVE |             1003 |          1007 | 2023-09-25 17:06:38.571540 | 2023-09-25 17:06:51.030929 | zone1 | xxx.xx.xxx.198 |     2882 | NULL                |                  NULL | NULL           |           1002 |       1 |       1 |  5368709120 |   16106127360 | 9223372036854775807 | 9223372036854775807 |           1 |
     |    1018 |      1006 | ACTIVE |             1003 |          1006 | 2023-09-25 17:06:38.573614 | 2023-09-25 18:01:30.070603 | zone2 | xxx.xx.xxx.192 |     2882 | NULL                |                  NULL | NULL           |           1002 |       1 |       1 |  5368709120 |   16106127360 | 9223372036854775807 | 9223372036854775807 |           1 |
     |    1019 |      1006 | ACTIVE |             1003 |          1007 | 2023-09-25 17:06:38.575723 | 2023-09-25 17:06:51.030929 | zone2 | xxx.xx.xxx.196 |     2882 | NULL                |                  NULL | NULL           |           1002 |       1 |       1 |  5368709120 |   16106127360 | 9223372036854775807 | 9223372036854775807 |           1 |
     |    1020 |      1006 | ACTIVE |             1003 |          1006 | 2023-09-25 17:06:38.579946 | 2023-09-25 18:01:30.070603 | zone3 | xxx.xx.xxx.204 |     2882 | NULL                |                  NULL | NULL           |           1002 |       1 |       1 |  5368709120 |   16106127360 | 9223372036854775807 | 9223372036854775807 |           1 |
     |    1021 |      1006 | ACTIVE |             1003 |          1007 | 2023-09-25 17:06:38.581002 | 2023-09-25 17:06:51.031986 | zone3 | xxx.xx.xxx.197 |     2882 | NULL                |                  NULL | NULL           |           1002 |       1 |       1 |  5368709120 |   16106127360 | 9223372036854775807 | 9223372036854775807 |           1 |
     +---------+-----------+--------+------------------+---------------+----------------------------+----------------------------+-------+----------------+----------+---------------------+-----------------------+----------------+----------------+---------+---------+-------------+---------------+---------------------+---------------------+-------------+
     6 rows in set
     ```

  4. 根据获取的 `UNIT_GROUP_ID`，执行缩容操作。

     ```shell
     obclient [oceanbase]> ALTER RESOURCE TENANT tenant2 UNIT_NUM = 1 DELETE UNIT_GROUP = (1006);
     ```

  5. 执行成功后，可以通过视图 `DBA_OB_TENANT_JOBS` 查看调小 Unit Number 任务的执行状态。

     ```sql
     obclient [oceanbase]> SELECT * FROM oceanbase.DBA_OB_TENANT_JOBS WHERE JOB_TYPE='ALTER_RESOURCE_TENANT_UNIT_NUM' AND TENANT_ID=1006;
     ```

     查询结果如下：

     ```shell
     +--------+--------------------------------+------------+-------------+----------+----------------------------+----------------------------+-----------+-----------------------------------------------------------------------+--------------------+----------------+-------------+
     | JOB_ID | JOB_TYPE                       | JOB_STATUS | RESULT_CODE | PROGRESS | START_TIME                 | MODIFY_TIME                | TENANT_ID | SQL_TEXT                                                              | EXTRA_INFO         | RS_SVR_IP      | RS_SVR_PORT |
     +--------+--------------------------------+------------+-------------+----------+----------------------------+----------------------------+-----------+-----------------------------------------------------------------------+--------------------+----------------+-------------+
     |      6 | ALTER_RESOURCE_TENANT_UNIT_NUM | SUCCESS    |           0 |      100 | 2023-09-25 18:01:30.069506 | 2023-09-25 18:01:45.068740 |      1006 | ALTER RESOURCE TENANT tenant2 UNIT_NUM = 2                            | FROM: '1', TO: '2' | xxx.xx.xxx.196 |        2882 |
     |      7 | ALTER_RESOURCE_TENANT_UNIT_NUM | SUCCESS    |           0 |      100 | 2023-09-26 09:37:32.367076 | 2023-09-26 09:39:05.651200 |      1006 | ALTER RESOURCE TENANT tenant2 UNIT_NUM = 1 DELETE UNIT_GROUP = (1006) | FROM: '2', TO: '1' | xxx.xx.xxx.196 |        2882 |
     +--------+--------------------------------+------------+-------------+----------+----------------------------+----------------------------+-----------+-----------------------------------------------------------------------+--------------------+----------------+-------------+
     2 rows in set
     ```


## 相关文档

* [通过调整 Unit Number 实现租户扩缩容](../../../../600.manage/200.tenant-management/600.common-tenant-operations/800.tenant-scale-in-and-out/300.adjust-unit-number.md)

* [ALTER TENANT](500.alter-tenant.md)