# 排序查询

ORDER BY 子句用于对查询结果按照一个或多个属性列进行升序（ASC）或降序（DESC）排列，默认为升序。

## 排序查询示例

### 单字段排序查询

* 按照 `deptno` 升序显示员工信息。

  ```sql
  obclient> SELECT empname, deptno FROM emp ORDER BY deptno;
  +---------+--------+
  | EMPNAME | DEPTNO |
  +---------+--------+
  | SMITH   |     20 |
  | SCOTT   |     25 |
  | BLAKE   |     30 |
  | ALLEN   |     35 |
  | JONES   |     40 |
  | FORD    |     45 |
  +---------+--------+
  6 rows in set
  ```

* 按照 `deptno` 降序显示员工信息。

  ```sql
  obclient> SELECT empname, deptno FROM emp ORDER BY deptno DESC;
  +---------+--------+
  | EMPNAME | DEPTNO |
  +---------+--------+
  | FORD    |     45 |
  | JONES   |     40 |
  | ALLEN   |     35 |
  | BLAKE   |     30 |
  | SCOTT   |     25 |
  | SMITH   |     20 |
  +---------+--------+
  6 rows in set
  ```

### 多字段排序查询

按照 `deptno` 升序，`sal` 降序显示员工信息。

```sql
obclient> SELECT empname, deptno, sal FROM emp ORDER BY deptno ASC,sal DESC;
+---------+--------+------+
| EMPNAME | DEPTNO | SAL  |
+---------+--------+------+
| SMITH   |     20 |  800 |
| SCOTT   |     25 | 3000 |
| BLAKE   |     30 | 2850 |
| ALLEN   |     35 | 1600 |
| JONES   |     40 | 2975 |
| FORD    |     45 | 3000 |
+---------+--------+------+
6 rows in set
```

### 在 WHERE 子句之后排序

`ORDER BY` 可以在 `WHERE` 之后进行排序。示例如下：

```sql
obclient> SELECT empname, deptno,sal, HIREDATE FROM emp WHERE sal>=1000 ORDER BY HIREDATE;
+---------+--------+------+-----------+
| EMPNAME | DEPTNO | SAL  | HIREDATE  |
+---------+--------+------+-----------+
| ALLEN   |     35 | 1600 | 20-FEB-81 |
| JONES   |     40 | 2975 | 02-APR-81 |
| BLAKE   |     30 | 2850 | 01-MAY-81 |
| FORD    |     45 | 3000 | 05-DEC-81 |
| SCOTT   |     25 | 3000 | 15-JUL-87 |
+---------+--------+------+-----------+
5 rows in set
```

## 使用 NLSSORT 函数排序

可以使用 `NLSSORT` 函数进行中文的拼音排序，笔画排序等。

有关 `NLSSORT` 函数的详细信息，请参见 [NLSSORT](../../../7.reference/4.development-reference1.sql-syntax/3.common-tenant-of-oracle-mode/5.functions-of-oracle-mode/2.single-row-functions-of-oracle-mode/2.string-functions-that-return-a-string-of-oracle-mode/8.nlssort-of-oracle-mode.md)。

### 示例

```sql
obclient> CREATE TABLE tbl1(col NUMBER,col2 VARCHAR2(20));
Query OK, 0 rows affected

obclient> INSERT INTO tbl1 VALUES(1,'苹果'),(2,'香蕉'),(3,'橘子'),
      (4,'西瓜'),(5,'葡萄'),(6,'西红柿');
Query OK, 6 rows affected
Records: 6  Duplicates: 0  Warnings: 0

obclient> SELECT * FROM tbl1;
+------+-----------+
| COL  | COL2      |
+------+-----------+
|    1 | 苹果      |
|    2 | 香蕉      |
|    3 | 橘子      |
|    4 | 西瓜      |
|    5 | 葡萄      |
|    6 | 西红柿    |
+------+-----------+
6 rows in set

/* 按拼音排序 */
obclient> SELECT * FROM tbl1 ORDER BY NLSSORT(col2,'NLS_SORT=UCA0900_SCHINESE_PINYIN');
+------+-----------+
| COL  | COL2      |
+------+-----------+
|    3 | 橘子      |
|    1 | 苹果      |
|    5 | 葡萄      |
|    4 | 西瓜      |
|    6 | 西红柿    |
|    2 | 香蕉      |
+------+-----------+
6 rows in set
```
