|description||
|---|---|
|keywords||
|dir-name||
|dir-name-en||
|tenant-type|Oracle Mode|

# Use string concatenation operators in queries

In an Oracle tenant, `||` is used as a string concatenation operator.

## Examples

1. Create a table named `if_ny`.

   ```unknow
   obclient> CREATE TABLE tif_ny (
                   id        NUMBER,
                   f_name     VARCHAR2(20),
                   l_name      VARCHAR2(20),
                   c_date      date,
                   PRIMARY KEY (id)
                   );
   Query OK, 0 rows affected
   ```

2. Insert data into the `tif_ny` table.

   ```unknow
   obclient> INSERT INTO tif_ny VALUES(401,'Zhang','San',date'1970-8-11'),
             (402,'Li','Si',date'1971-5-11'),(403,'Wang','Wu',date'1972-7-11');
   Query OK, 3 rows affected
   Records: 3  Duplicates: 0  Warnings: 0
   ```

3. Query data in the `tip_ny` table.

   ```unknow
   obclient> SELECT * FROM tif_ny;
   +-----+--------+--------+-----------+
   | ID  | F_NAME | L_NAME | C_DATE    |
   +-----+--------+--------+-----------+
   | 401 | Zhang  | San    | 11-AUG-70 |
   | 402 | Li     | Si     | 11-MAY-71 |
   | 403 | Wang   | Wu     | 11-JUL-72 |
   +-----+--------+--------+-----------+
   3 rows in set
   ```

4. Use `||` as a string concatenation operator to concatenate the `f_name` and `l_name` columns in the `tif_ny` table into the `name` column.

   ```unknow
   obclient> SELECT f_name || ' ' || l_name name FROM tif_ny;
   +-----------+
   | NAME      |
   +-----------+
   | Zhang San |
   | Li Si     |
   | Wang Wu   |
   +-----------+
   3 rows in set
   ```
