| Description   |                 |
|---------------|-----------------|
| keywords      |                 |
| dir-name      |                 |
| dir-name-en   |                 |
| tenant-type   | Oracle Mode     |

# XMLAGG

## 描述

该函数获取一组 XML 片段并返回一个聚合的 XML 文档。可以将其用作聚合函数。

## 语法

```sql
XMLAGG(XMLType_instance [ ORDER BY [list of: expr [ASC|DESC] [NULLS {FIRST|LAST}]] ])
```

## 参数解释

| 字段 | 说明 |
| --- | --- |
| XMLType_instance | 指定 XMLType 类型的数据，可以是 XMLType 列或者返回类型为 XMLType 的表达式。 |
| expr | 指定要排序的值对应的列名。<br>**注意** 数字类型不能作为列的位置信息，例如 `ORDER BY 1` 并不是按照第一列排序的意思。 |
| ASC &#124; DESC | 指定列表的排序方式，为可选项。<ul><li> `ASC` 为升序排序，为默认值。</li><li> `DESC` 为降序排序。</li></ul> |
| NULLS {FIRST &#124; LAST} | 排序后 `expr` 中 `NULL` 值的位置，为可选项。<ul><li> `NULLS FIRST`： 表示 `NULL` 值排在非空值的前面。</li><li>  `NULLS LAST` ：表示 `NULL` 值排在非空值的后面，为默认值。</li></ul> |

## 返回类型

返回 XMLType 数据类型。

## 示例

```shell
# 现有已创建表 employees
obclient> SELECT * FROM EMPLOYEES;
+------+-----------+------+
| ID   | LAST_NAME | SAL  |
+------+-----------+------+
|    1 | CLARK     | 2750 |
|    2 | KING      | 5300 |
|    3 | MILLER    | 1600 |
|    4 | ADAMS     | 1400 |
+------+-----------+------+
4 rows in set

# 使用 XMLELEMENT 函数构建 XML 片段
obclient> SELECT XMLELEMENT(EVALNAME LAST_NAME, SAL) AS "RESULT" FROM EMPLOYEES;
+------------------------+
| RESULT                 |
+------------------------+
| <CLARK>2750</CLARK>
   |
| <KING>5300</KING>
     |
| <MILLER>1600</MILLER>
 |
| <ADAMS>1400</ADAMS>
   |
+------------------------+
4 rows in set

#使用 XMLAGG 将上述结果按照 SAL 顺序排序并聚合返回
obclient> SELECT XMLAGG(XMLELEMENT(EVALNAME LAST_NAME, SAL) ORDER BY SAL) AS "RESULT" FROM EMPLOYEES;
+----------------------------------------------------------------------------------+
| RESULT                                                                           |
+----------------------------------------------------------------------------------+
| <ADAMS>1400</ADAMS>
<MILLER>1600</MILLER>
<CLARK>2750</CLARK>
<KING>5300</KING>
 |
+----------------------------------------------------------------------------------+
1 row in set
```
