| Description   |                 |
|---------------|-----------------|
| keywords      |                 |
| dir-name      |                 |
| dir-name-en   |                 |
| tenant-type   | MySQL Mode      |

# INSERT

## 描述

该语句用于向表中添加一个或多个记录。

不支持直接对子查询进行插入操作，例如 `INSERT INTO (SELECT * FROM t1) VALUES(1, 1)`。

## 语法

```sql
INSERT {into_table_insert | overwrite_table_insert};

into_table_insert:
    [/*+ [APPEND | direct(bool, int, [load_mode])] enable_parallel_dml PARALLEL(N) */]
    [IGNORE] [INTO]
    single_table_insert
    [ON DUPLICATE KEY UPDATE update_asgn_list]

load_mode:
    'full' 
    | 'inc_replace'

single_table_insert:
    {dml_table_name values_clause
     | dml_table_name '(' ')' values_clause
     | dml_table_name '(' column_list ')' values_clause
     | dml_table_name SET update_asgn_list}

dml_table_name:
    table_name [PARTITION (partition_name,...)]

values_clause:
     {{VALUES | VALUE} ({expr | DEFAULT},...) [, ...]
      | select_stmt}

column_list
    column_name [, ...]

update_asgn_list:
     column_name = expr [, ...]

overwrite_table_insert:
    [/*+PARALLEL(N)*/] OVERWRITE table_name select_stmt;
```

## 参数解释

|         **参数**        |                           **描述**                                     |
|-------------------------|------------------------------------------------------------------------|
| APPEND \| direct()      | 使用 Hint 启用旁路导入功能。<ul><li>`APPEND` Hint 默认等同于使用的 `direct(true, 0)`，同时可以实现在线收集统计信息（`GATHER_OPTIMIZER_STATISTICS` Hint）的功能。</li><li>`direct()` 参数解释如下：<ul><li><code>bool</code>：表示写入的数据是否需要排序，<code>true</code> 表示需要排序，<code>false</code> 表示不需要排序。</li><li><code>int</code>：表示最大容忍的错误行数。</li><li><code>load_mode</code>：可选参数，表示旁路导入的模式。取值须使用英文单引号包起来，取值如下：<ul><li><code>full</code>：默认值，表示全量旁路导入。</li><li><code>inc_replace</code>：表示的是 <code>replace</code> 语义的增量旁路导入。<main id="notice" type='notice'><h4>注意</h4><p><ul><li>当 <code>load_mode</code> 取值为 <code>inc_replace</code> 时，<code>INSERT</code> 语句中不允许有 <code>IGNORE</code> 关键字。</li><li>增量旁路导入功能目前处于实验阶段，不推荐在生产环境中使用，以免影响系统稳定性。</li></ul></p></main></li></ul></li></ul></li></ul> 更多使用 `INSERT INTO` 旁路导入的信息，参见 [使用 INSERT INTO SELECT 语句旁路导入数据](../../../../../500.data-migration/1100.bypass-import/300.use-insert-into-select-statement-to-bypass-import-data.md)。|
| enable_parallel_dml parallel(N) | 加载数据的并行度，`N` 默认为 `4`。<main id="notice" type='explain'><h4>说明</h4><p>一般情况下，<code>enable_parallel_dml</code> Hint 和 <code>parallel</code> Hint 必须配合使用才能开启并行 DML。不过，当目标表的 Schema 上指定了表级别的并行度时，仅需指定 <code>enable_parallel_dml</code> Hint。</p></main>|
| IGNORE                  | 在 `INSERT` 语句执行过程中发生的错误将会被忽略。                                                                                                     |
| column_list             | 用于指定插入数据的列，同时插入多列时以逗号（,）分隔。                                                                                                       |
| table_name              | 指定要插入的表名。                                                                                                                         |
| partition_name          | 插入表指定的分区名。                                                                                                                        |
| update_asgn_list        | 赋值语句，例如 `c1 = 2`。                                                                                                                 |
| ON DUPLICATE KEY UPDATE | 指定对重复主键或唯一键的处理。如果指定了 `ON DUPLICATE KEY UPDATE`，当要插入的主键或唯一键有重复时，会用配置值替换待插入的值；如果不指定 `ON DUPLICATE KEY UPDATE`，当要插入的主键或唯一键有重复时，插入报错。 |
| overwrite_table_insert  | 用于将查询结果替换表中的现有数据，即该语句会先清空表中的旧数据，再将新数据批量写入到表中。有关使用 `INSERT OVERWRITE SELECT` 语句的示例信息，参见 [插入数据](../../../../../300.develop/100.application-development-of-mysql-mode/400.write-data-of-mysql-mode/100.insert-data-of-mysql-mode-in-develop.md) 中的 **使用 INSERT OVERWRITE SELECT 语句插入数据** 章节。<main id="notice" type='notice'><h4>注意</h4><p>该语句无法在多行事务中操作。因此，为确保操作顺利进行，需先执行 <code>SET autocommit = on;</code> 命令开启自动提交事务。</p></main>|
| select_stmt             | 指定 `SELECT` 子句。有关查询语句的详细信息，参见 [SELECT 语句](8100.select-of-mysql-mode/100.select-of-mysql-mode.md)。|

## 示例

示例表及数据基于以下定义：

```sql
obclient> CREATE TABLE t1(c1 INT PRIMARY KEY, c2 INT) PARTITION BY KEY(c1) PARTITIONS 4;
Query OK, 0 rows affected

obclient> CREATE TABLE t2(c1 INT PRIMARY KEY, c2 INT);
Query OK, 0 rows affected
obclient> SELECT * FROM t2;
+----+------+
| c1 | c2   |
+----+------+
|  1 |    1 |
|  2 |    2 |
|  3 |    3 |
|  4 |    4 |
+----+------+
4 rows in set
```

* 向表 `t1` 中插入一行数数据。

  ```javascript
  obclient>  INSERT INTO t1 VALUES(1,1);
  Query OK, 1 row affected

  obclient> SELECT * FROM t1;
  +----+------+
  | c1 | c2   |
  +----+------+
  |  1 |    1 |
  +----+------+
  1 row in set
  ```

* 向表 `t1` 中插入多行数据。

  ```sql
  obclient> INSERT t1 VALUES(1,1),(2,DEFAULT),(2+2,3*4);
  Query OK, 3 rows affected
  Records: 3  Duplicates: 0  Warnings: 0

  obclient> SELECT * FROM t1;
  +----+------+
  | c1 | c2   |
  +----+------+
  |  1 |    1 |
  |  2 | NULL |
  |  4 |   12 |
  +----+------+
  3 rows in set
  ```

* 向表 `t1` 指定的 `p0` 分区插入单行数据。

  ```sql
  obclient> INSERT INTO t1 PARTITION(p0) (c1) VALUES(5);
  Query OK, 1 row affected
  obclient> SELECT * FROM t1 PARTITION(p0);
  +----+------+
  | c1 | c2   |
  +----+------+
  |  5 | NULL |
  +----+------+
  1 row in set
  ```

* 向表 `t1` 中插入重复主键值时利用 `ON DUPLICATE KEY UPDATE` 功能进行值更新。

  ```sql
  obclient> INSERT INTO t1 VALUES(1,1),(1,2) ON DUPLICATE KEY UPDATE c1=100;
  Query OK, 3 rows affected
  Records: 2  Duplicates: 1  Warnings: 0

  obclient> SELECT * FROM t1;
  +-----+------+
  | c1  | c2   |
  +-----+------+
  | 100 |    1 |
  +-----+------+
  1 row in set
  ```

* 向可更新视图 `v` 的插入值。

  ```sql
  obclient> CREATE VIEW v AS SELECT * FROM t1;
  Query OK, 0 rows affected
  obclient> INSERT INTO v VALUES (1,1);
  Query OK, 1 row affected

  obclient> SELECT * FROM v;
  +----+------+
  | c1 | c2   |
  +----+------+
  |  1 |    1 |
  +----+------+
  1 row in set
  ```

* 向 `t2` 表中插入 `t1` 的查询结果。

  ```sql
  obclient> INSERT INTO t1 SELECT * FROM t2 WHERE c1>2;
  Query OK, 2 rows affected
  Records: 2  Duplicates: 0  Warnings: 0

  obclient> SELECT * FROM t1;
  +----+------+
  | c1 | c2   |
  +----+------+
  |  3 |    3 |
  |  4 |    4 |
  +----+------+
  2 rows in set
  ```

## 相关文档

* [插入数据](../../../../../300.develop/100.application-development-of-mysql-mode/400.write-data-of-mysql-mode/100.insert-data-of-mysql-mode-in-develop.md)
* [使用 INSERT INTO SELECT 语句旁路导入数据](../../../../../500.data-migration/1100.bypass-import/300.use-insert-into-select-statement-to-bypass-import-data.md)
* [SELECT 语句](8100.select-of-mysql-mode/100.select-of-mysql-mode.md)
