# 表与表之间的数据迁移和资源单元的迁移

本文将主要介绍使用 SQL 语句实现表与表之间的数据迁移和资源单元的迁移。

## 表与表之间数据迁移

### 语法 1

通过 `INSERT INTO ... SELECT ...` 语句进行表与表之间数据迁移，语法详细信息，请参见 [INSERT（MySQL 模式）](../7.reference/4.development-guide-refactoring/1.sql-syntax/2.common-tenant-mysql-mode/6.sql-statement/37.INSERT.md) 和 [INSERT（Oracle 模式）](../7.reference/4.development-guide-refactoring/1.sql-syntax/3.common-tenant-oracle-mode/9.sql-statement-1/2.DML/2.INSERT-1.md)。

```sql
INSERT INTO target_table_name[(target_col_name[, target_col_name] ...)]
SELECT [(source_col_name[, source_col_name] ...)]
FROM source_table_name
[WHERE expr];
```

**参数解释：**

|      参数    |      描述        |
|--------------|-----------------|
| target_table_name  | 数据迁移的目标表。|
| target_col_name    | 目标表的列名称。如果要更新目标表的全部列数据，可以不填写列名称。|
| source_col_name    | 源表的列名称。选择需要迁移的列，如果要选中全部数据可以用 `*` 表示。 <blockquote><b>注意</b></br>选择的列数量需要与目的表中的列数量保持一致。</blockquote> |
| source_table_name  | 数据迁移的源表。|
| WHERE expr  | 迁移数据的筛选条件，不填表示迁移 `SELECT` 选中的所有行记录。|

### 语法 2

通过 `MERGE INTO ... INSERT ...` 语句进行表与表之间数据迁移，语法详细信息，请参见 [MERGE](../7.reference/4.development-guide-refactoring/1.sql-syntax/3.common-tenant-oracle-mode/9.sql-statement-1/2.DML/3.MERGE.md)。

>**功能适用性**
>
>`MERGE` 语句暂时只支持 OceanBase 数据库 Oracle 模式。

```sql
MERGE INTO target_table_name 
USING source_table_name
ON (expr)
WHEN NOT MATCHED THEN INSERT VALUES((source_col_name[, source_col_name] ...))
[WHERE expr];
```

**参数解释：**

|      参数    |      描述        |
|--------------|-----------------|
| target_table_name  | 数据迁移的目标表。|
| source_table_name  | 数据迁移的源表。|
| ON (expr)          | 源表和目标表的连接条件。|
| source_col_name    | 源表的列名称。选择需要迁移的列，如果要选中全部数据可以用 `*` 表示。 <blockquote><b>注意</b></br>选择的列数量需要与目标表中的列数量保持一致，并且迁移的数据要符合目标表的数据类型。</blockquote> |
| WHERE expr  | 迁移数据的筛选条件。|

### 示例 1

将表 `tbl1` 中符合条件（`age > 10`）的数据插入表 `tbl2` 中。

```sql
obclient [test]> SELECT * FROM tbl1;
+------+------+------+
| id   | name | age  |
+------+------+------+
|    1 | ab   |    8 |
|    2 | bc   |   18 |
|    3 | cd   |   14 |
|    4 | de   |   19 |
|    5 | ef   |    6 |
|    6 | fg   |   15 |
+------+------+------+
6 rows in set

obclient [test]> DESC tbl2;
+-------+---------+------+-----+---------+-------+
| Field | Type    | Null | Key | Default | Extra |
+-------+---------+------+-----+---------+-------+
| col1  | int(11) | YES  |     | NULL    |       |
| col2  | int(11) | YES  |     | NULL    |       |
+-------+---------+------+-----+---------+-------+
2 rows in set

obclient [test]> SELECT * FROM tbl2;
Empty set

obclient [test]> INSERT INTO tbl2 SELECT id,age FROM tbl1 WHERE age > 10;
Query OK, 4 rows affected
 Records: 4  Duplicates: 0  Warnings: 0

obclient [test]> SELECT * FROM tbl2;
+------+------+
| col1 | col2 |
+------+------+
|    2 |   18 |
|    3 |   14 |
|    4 |   19 |
|    6 |   15 |
+------+------+
4 rows in set
```

### 示例 2

如果在表 `tbl1` 中找不到与表 `tbl2` 取值相同的行（`tbl1.id=tbl2.col1 and tbl1.age=tbl2.col2`），那么将 `tbl1` 中的这行插入到 `tbl2` 中，且只插入满足 `tbl1.age < 10` 的行。

```sql
obclient [SYS]> SELECT * FROM tbl1;
+------+------+------+
| ID   | NAME | AGE  |
+------+------+------+
|    1 | ab   |    8 |
|    2 | bc   |   18 |
|    3 | cd   |   14 |
|    4 | de   |   19 |
|    5 | ef   |    6 |
|    6 | fg   |   15 |
+------+------+------+
6 rows in set

obclient [SYS]> SELECT * FROM tbl2;
Empty set

obclient [SYS]> MERGE INTO tbl2
    USING tbl1
    ON (tbl1.id=tbl2.col1 and tbl1.age=tbl2.col2)
    WHEN NOT MATCHED THEN INSERT VALUES(tbl1.id,tbl1.age)
    WHERE tbl1.age < 10;
Query OK, 2 rows affected

obclient [SYS]> SELECT * FROM tbl2;
+------+------+
| COL1 | COL2 |
+------+------+
|    1 |    8 |
|    5 |    6 |
+------+------+
2 rows in set
```

## 资源单元迁移

集群单个 Zone 中多台 OBServer 之间调整资源分布不均衡时，可以调整租户使用的资源分布，以便集群资源使用均衡。

>**功能适用性**
>
>`ALTER SYSTEM MIGRATE UNIT` 语句仅支持在 sys 租户执行。

### 语法

```sql
ALTER SYSTEM MIGRATE UNIT [=] unit_id 
    DESTINATION [=] ip_port;
```

资源单元迁移语法详细信息，请参见 [MIGRATE UNIT](../7.reference/4.development-guide-refactoring/1.sql-syntax/1.system-tenants/2.alter-system/14.UNIT.md)。

参数解释：

|   参数   |               描述                |
| ------- | -------------------------------- |
| unit_id | Unit 编号。                       |
| ip_port | 将 Unit 迁移到的目标 Server 地址。 |

>**说明**
>
>可以通过 `ALTER SYSTEM CANCEL MIGRATE UNIT` 语句取消资源单元迁移。取消资源单元迁移详细信息，请参见 [CANCEL MIGRATE UNIT](../7.reference/4.development-guide-refactoring/1.sql-syntax/1.system-tenants/2.alter-system/4.cancel-migrate-unit.md)。

### 示例

1. 查看资源单元分布。

    查看租户 `mysql002` 的资源单元在各 zone 的分布情况。

    ```sql
    obclient [oceanbase]> SELECT A.UNIT_CONFIG_ID,B.ZONE,B.SVR_IP,B.SVR_PORT,A.NAME,A.MAX_CPU,A.MIN_CPU,A.MEMORY_SIZE,A.LOG_DISK_SIZE,A.MAX_IOPS,A.MIN_IOPS,A.IOPS_WEIGHT FROM DBA_OB_UNIT_CONFIGS A,DBA_OB_UNITS B WHERE A.UNIT_CONFIG_ID=B.UNIT_ID AND A.NAME LIKE '%mysql002%';
    +----------------+-------+----------------+----------+------------------------------+---------+---------+-------------+---------------+----------+----------+-------------+
    | UNIT_CONFIG_ID | ZONE  | SVR_IP         | SVR_PORT | NAME                         | MAX_CPU | MIN_CPU | MEMORY_SIZE | LOG_DISK_SIZE | MAX_IOPS | MIN_IOPS | IOPS_WEIGHT |
    +----------------+-------+----------------+----------+------------------------------+---------+---------+-------------+---------------+----------+----------+-------------+
    |           1007 | zone1 | 10.10.10.1 |     2882 | config_mysql002_zone2_S1_zsv |     1.5 |     1.5 |  6442450944 |   19327352832 |    15000 |    15000 |           1 |
    |           1008 | zone3 | 10.10.10.3 |     2882 | config_mysql002_zone3_S1_zuk |     1.5 |     1.5 |  6442450944 |   19327352832 |    15000 |    15000 |           1 |
    |           1009 | zone2 | 10.10.10.2 |     2882 | config_mysql002_zone1_S1_zek |     1.5 |     1.5 |  6442450944 |   19327352832 |    15000 |    15000 |           1 |
    +----------------+-------+----------------+----------+------------------------------+---------+---------+-------------+---------------+----------+----------+-------------+
    3 rows in set
    ```

2. 启动资源单元迁移。

    将租户 `mysql002` 的 zone3 中的资源单元从 `10.10.10.3:2882` 迁移至 `10.10.10.4:2882`。

    ```sql
    obclient [oceanbase]> ALTER SYSTEM MIGRATE UNIT = 1008 DESTINATION = '10.10.10.4:2882';
    Query OK, 0 rows affected
    ```

3. 查看迁移情况。

    ```sql
    obclient [oceanbase]> SELECT A.UNIT_CONFIG_ID,B.ZONE,B.SVR_IP,B.SVR_PORT,A.NAME,A.MAX_CPU,A.MIN_CPU,A.MEMORY_SIZE,A.LOG_DISK_SIZE,A.MAX_IOPS,A.MIN_IOPS,A.IOPS_WEIGHT FROM DBA_OB_UNIT_CONFIGS A,DBA_OB_UNITS B WHERE A.UNIT_CONFIG_ID=B.UNIT_ID AND A.NAME LIKE '%mysql002%';
    +----------------+-------+----------------+----------+------------------------------+---------+---------+-------------+---------------+----------+----------+-------------+
    | UNIT_CONFIG_ID | ZONE  | SVR_IP         | SVR_PORT | NAME                         | MAX_CPU | MIN_CPU | MEMORY_SIZE | LOG_DISK_SIZE | MAX_IOPS | MIN_IOPS | IOPS_WEIGHT |
    +----------------+-------+----------------+----------+------------------------------+---------+---------+-------------+---------------+----------+----------+-------------+
    |           1007 | zone1 | 10.10.10.1 |     2882 | config_mysql002_zone2_S1_zsv |     1.5 |     1.5 |  6442450944 |   19327352832 |    15000 |    15000 |           1 |
    |           1008 | zone3 | 10.10.10.4 |     2882 | config_mysql002_zone3_S1_zuk |     1.5 |     1.5 |  6442450944 |   19327352832 |    15000 |    15000 |           1 |
    |           1009 | zone2 | 10.10.10.2 |     2882 | config_mysql002_zone1_S1_zek |     1.5 |     1.5 |  6442450944 |   19327352832 |    15000 |    15000 |           1 |
    +----------------+-------+----------------+----------+------------------------------+---------+---------+-------------+---------------+----------+----------+-------------+
    3 rows in set
    ```
