JSON_ARRAY_APPEND 
======================================
#docslug#/oceanbase-database/oceanbase-database/V4.0.0/JSON_ARRAY_APPEND


描述 
-----------------------

该函数用于将指定的值附加到 JSON 文档中指定数组的末尾并返回结果。

语法 
-----------------------

```sql
JSON_ARRAY_APPEND(json_doc, path, val[, path, val] ...)
```



说明 
-----------------------

`json_doc` 参数用于指定 JSON 文档，`path` 为路径参数。如果任何参数为 `NULL`，则返回 `NULL`。

以下情况都会发生报错：

* `json_doc` 参数不是有效的 JSON 文档。

  

* `path` 参数不是有效的路径表达式。

  

* `path` 参数包含 \* 或 \*\* 通配符。

  




路径值对 path-value 按照从左到右的顺序进行评估。通过评估的 path-value 对所生成的文档作为评估下一对的新值。

如果路径对应的值是一个标量或对象值，则该值将自动包裹在数组中，并将新值添加到该数组中。JSON 文档中未经路径识别所属数组的 path-value 对将被忽略。

示例 
-----------------------

```sql
obclient> SET @jn = '["a", ["b", "c"], "d","e"]';
Query OK, 0 rows affected

obclient> SELECT JSON_ARRAY_APPEND(@jn, '$[1]', 1);
+----------------------------------+
| JSON_ARRAY_APPEND(@jn, '$[1]', 1) |
+----------------------------------+
| ["a", ["b", "c", 1], "d","e"]        |
+----------------------------------+
1 row in set

obclient> SELECT JSON_ARRAY_APPEND(@jn, '$[0]', 2);
+----------------------------------+
| JSON_ARRAY_APPEND(@jn, '$[0]', 2) |
+----------------------------------+
| [["a", 2], ["b", "c"], "d","e"]      |
+----------------------------------+
1 row in set

obclient> SELECT JSON_ARRAY_APPEND(@jn, '$[1][0]', 3);
+-------------------------------------+
| JSON_ARRAY_APPEND(@jn, '$[1][0]', 3) |
+-------------------------------------+
| ["a", [["b", 3], "c"], "d","e"]         |
+-------------------------------------+
1 row in set 

obclient> SET @jemp = '{"a": 1, "b": [2, 3], "c": 4}';
Query OK, 0 rows affected 

obclient> SELECT JSON_ARRAY_APPEND(@jn, '$.b', 'x');
+------------------------------------+
| JSON_ARRAY_APPEND(@jn, '$.b', 'x')  |
+------------------------------------+
| {"a": 1, "b": [2, 3, "x"], "c": 4} |
+------------------------------------+
1 row in set 

obclient> SELECT JSON_ARRAY_APPEND(@jn, '$.c', 'y');
+--------------------------------------+
| JSON_ARRAY_APPEND(@jn, '$.c', 'y')    |
+--------------------------------------+
| {"a": 1, "b": [2, 3], "c": [4, "y"]} |
+--------------------------------------+
1 row in set

obclient> SET @jn = '{"a": 5}';
Query OK, 0 rows affected

obclient> SELECT JSON_ARRAY_APPEND(@jn, '$', 'z');
+---------------------------------+
| JSON_ARRAY_APPEND(@jn, '$', 'z') |
+---------------------------------+
| [{"a": 5}, "z"]                 |
+---------------------------------+
1 row in set
```


