| Description   |                 |
|---------------|-----------------|
| keywords      |                 |
| dir-name      |                 |
| dir-name-en   |                 |
| tenant-type   | Oracle Mode     |

# TO_YMINTERVAL

## 描述

该函数将一个 `CHAR`、`VARCHAR2`、`NCHAR` 或 `NVARCHAR2` 数据类型的字符串转换为一个 `INTERVAL YEAR TO MONTH` 数据类型的值，可以用来对一个日期时间值进行加减计算。

## 语法

```sql
/*SQL 日期格式*/
TO_YMINTERVAL([+|-] years-months)

/*ISO 日期格式*/
TO_YMINTERVAL([-]P[ years Y][months M][days D][T[hours H][minutes M][seconds[.frac_secs]S]])
```

## 参数解释

|                                               参数                                                |                                                                                                                      说明                                                                                                                      |
|-------------------------------------------------------------------------------------------------|----------------------------------------------------------------------------------------------------------------------------------------------------------------------------------------------------------------------------------------------|
| \[+\|-\] years-months                                                                           | 符合该参数格式的 `CHAR`、`VARCHAR2`、`NCHAR` 或 `NVARCHAR2` 数据类型的字符串。 <ul><li> `years` 表示年，取整数值，范围为 \[0,999999999\]。   </li><li> `months` 表示月，取整数值，范围为 \[0,11\]。</li></ul>    |
| \[-\]P\[ years Y\]\[months M\]\[days D\]\[T\[hours H\]\[minutes M\]\[seconds\[.frac_secs\]S\]\] | 符合该参数格式的 `CHAR`、`VARCHAR2`、`NCHAR` 或 `NVARCHAR2` 数据类型的字符串。 `frac_secs` 表示秒的小数部分，取整数值，范围是\[0,999999999\]。<br> **注意**  值中不允许有空格。                                                                   |

## 返回类型

返回 `INTERVAL YEAR TO MONTH` 数据类型。

## 示例

返回当前时间 `1` 年 `2` 个月后的时间日期值。

```sql
obclient> SELECT SYSDATE,SYSDATE+TO_YMINTERVAL('01-02') FROM DUAL;
+-----------+--------------------------------+
| SYSDATE   | SYSDATE+TO_YMINTERVAL('01-02') |
+-----------+--------------------------------+
| 18-NOV-21 | 18-JAN-23                      |
+-----------+--------------------------------+
1 row in set
```

指定一个时间间隔为 2 年 6 个月 10 天 4 小时 30 分钟 15 秒，可以使用以下示例：

```sql
obclient> SELECT TO_YMINTERVAL('P2Y6M10DT4H30M15S') FROM dual;
+------------------------------------+
| TO_YMINTERVAL('P2Y6M10DT4H30M15S') |
+------------------------------------+
| +000000002-06                      |
+------------------------------------+
1 row in set
```

下面是一个负时间间隔的示例，假设你需要减去 3 年 1 个月 5 天，可以使用以下示例：

```sql
obclient> SELECT TO_YMINTERVAL('-P3Y1M5D') FROM dual;
+---------------------------+
| TO_YMINTERVAL('-P3Y1M5D') |
+---------------------------+
| -000000003-01             |
+---------------------------+
1 row in set
```
