|description||
|---|---|
|keywords||
|dir-name||
|dir-name-en||
|tenant-type|Oracle Mode|

# 创建表

本文将向您介绍如何使用 SQL 语句来创建表，同时介绍创建表的前提条件、表简介和需要遵循的要求等，并提供一些示例。

## 表简介

表是一系列二维数组的集合，用来代表和储存数据对象之间的关系。通过合理设计和使用数据库表，可以提高数据的可靠性、一致性和查询性能，从而有效管理和利用数据库中的数据。

更多有关 OceanBase 数据库表的详细信息，请参见 [表概述](../../../700.reference/100.oceanbase-database-concepts/400.database-objects/100.database-objects-of-oracle-mode/200.table-of-oracle-mode/100.table-overview-of-oracle-mode.md)。

## 前提条件

在创建表前，您需要确认以下事项：

* 您已部署 OceanBase 集群并且创建了 Oracle 模式租户。更多有关部署 OceanBase 集群的信息，请参见 [部署概述](../../../400.deploy/100.deploy-overview.md)。

* 您已连接到 OceanBase 数据库的 Oracle 租户。更多连接数据库的信息，请参见 [连接方式概述](../100.connect-to-oceanbase-database-of-oracle-mode/100.connection-methods-overview-of-oracle-mode.md)。
  
* 请确认您已拥有 `CREATE TABLE` 权限。更多查看当前用户权限的相关操作信息，请参见 [查看用户权限](../../../600.manage/500.security-and-permissions/300.access-control/200.user-and-permission/300.permission-of-oracle-mode/600.view-user-permissions-of-oracle-mode.md)。如果不具备该权限，请联系管理员为您授权，有关用户授权的相关操作信息，请参见 [直接授予权限](../../../600.manage/500.security-and-permissions/300.access-control/200.user-and-permission/300.permission-of-oracle-mode/200.authority-of-oracle-mode.md)。

## 使用命令行创建表

请使用 [CREATE TABLE](../../../700.reference/500.sql-reference/100.sql-syntax/300.common-tenant-of-oracle-mode/900.sql-statement-of-oracle-mode/100.ddl-of-oracle-mode/2400.create-table-of-oracle-mode.md) 语句创建表。

### 定义表名

创建表时，需要先为表命名，以下是定义表名时需要遵循的要求：

* 在 OceanBase 数据库的 Oracle 模式中，每个表的名称必须保证在 Schema 库内唯一。

* 为表命名时，应使用具有实际意义的表名，不要使用 `table1` 这样的表名。

示例 1： 创建一个有关订单信息的表。

```sql
obclient [SYS]> CREATE TABLE ordr (c1 NUMBER, c2 VARCHAR2(50));
Query OK, 0 rows affected
```

### 定义列

​在数据库中，列（Column）用于记录一张表上某个属性的字段的值，用户给每个属性起的名称即为列名。除了列名以外，列上还有数据类型以及数据类型的最大长度（精度）等信息。

以下是定义表的列时需要遵循的要求：

* 根据数据类型的特点，为待存储在列中的数据选择合适的数据类型。

* OceanBase 数据库 Oracle 模式中支持的数据类型及详细介绍请参见 [数据类型概述](../../../700.reference/500.sql-reference/100.sql-syntax/300.common-tenant-of-oracle-mode/300.basic-elements-of-oracle-mode/100.built-in-data-types-of-oracle-mode/100.overview-of-built-in-data-types-of-oracle-mode.md)。

* 对于字符串数据，建议使用变长字符串数据类型，并指定最大长度。请确保指定的最大长度大于需要存储的最大字符数，避免超出最大长度时出现字符截断现象。

* 根据 [主键列](#定义主键列) 的要求，确认是否需要为表定义主键列。

* 根据 [其他约束](#定义其他列约束) 的要求，确认是否需要向列中添加其他约束。

* 当列上有 `NOT NULL` 约束时，通常建议为该列设置默认值。当列类型为日期或时间类型时，可以设置默认值为数据库的当前时间。

### 定义主键列

主键值规则（Primary Key Value Rule）是定义在某一键 Key（键指一列或一个列集）上的规则，其作用是确保表内的每一数据行都可以由某一个键值唯一地确定。每个数据库表上最多只能定义一个 PRIMARY KEY 约束。构成此约束的列（一列或多列）的值可以作为一行数据的唯一标识符，即每个数据行可以由此主键值命名。

创建有主键的表后，系统会自动为主键列创建一个全局唯一索引，您可以通过主键快速定位到行。

要指定某一列为主键列，请在该列的定义后添加 `PRIMARY KEY` 关键字。如果要在多列上定义主键约束，请在 [CREATE TABLE](../../../700.reference/500.sql-reference/100.sql-syntax/300.common-tenant-of-oracle-mode/900.sql-statement-of-oracle-mode/100.ddl-of-oracle-mode/2400.create-table-of-oracle-mode.md) 语句中所有列的列表之后再添加主键约束的定义。

以下是定义主键列时需要遵循的要求：

* 建议为表定义一个主键，每个数据库表最多拥有一个主键列集合。

  在 OceanBase ​数据库中，不强制用户为表定义主键，但使用主键可以使表内的每行数据被唯一确定，且不存在重复的数据行。如果没有合适的字段作为主键，您可以为表增加一个数值列作为主键，并使用 Oracle 租户的序列为该列填充值。有关序列的详细说明请参见 [管理序列](../../../700.reference/300.database-object-management/200.manage-object-of-oracle-mode/600.management-sequence-of-oracle-mode.md)。

  此外，如果在创建时未定义主键列，OceanBase 数据库支持为已存在的表添加主键列。

* 主键列集合的值在全表范围内唯一。

* 主键列的数量不能超过 64 列，且主键数据总长度不能超过 16 KB。

* 主键列的值不能为 NULL 或空字符串，您必须为主键列输入值。

* 在多列上定义主键约束时，建议明确标识主键约束的名称。例如，主键约束命名为 “PK_xxx”。

更多主键约束相关的介绍，请参见 [主键约束](../../../700.reference/100.oceanbase-database-concepts/400.database-objects/100.database-objects-of-oracle-mode/800.data-integrity-of-oracle-mode/200.integrity-constraint-type-of-oracle-mode/400.primary-key-constraint-of-oracle-mode.md)。

示例 2：在多列上定义主键约束。

```sql
obclient [SYS]> CREATE TABLE ordr (c1 NUMBER, c2 VARCHAR2(50), CONSTRAINT PK_c1_c2 PRIMARY KEY(c1, c2));
Query OK, 0 rows affected

obclient [SYS]> desc ordr;
+-------+--------------+------+-----+---------+-------+
| FIELD | TYPE         | NULL | KEY | DEFAULT | EXTRA |
+-------+--------------+------+-----+---------+-------+
| C1    | NUMBER       | NO   | PRI | NULL    | NULL  |
| C2    | VARCHAR2(50) | NO   | PRI | NULL    | NULL  |
+-------+--------------+------+-----+---------+-------+
2 rows in set
```

示例 2 中，定义了 c1、c2 列为主键列，且约束名称为 PK_c1_c2。 c1、c2 列的值不允许为 NULL 并且必须是不重复的。

定义主键列后，支持更改主键列和删除主键，更多主键约束相关的操作请参见 [定义列的约束类型](../../../700.reference/300.database-object-management/200.manage-object-of-oracle-mode/100.manage-tables-of-oracle-mode/400.define-the-constraint-type-for-a-column-of-oracle-mode.md)。

### 定义其他列约束

除了 `PRIMARY KEY` 约束外，OceanBase 数据库还支持 `NOT NULL` 约束、唯一性（UNIQUE）约束、外键（FOREIGN KEY）约束和 CHECK 约束。使用约束可以简化表查询、提高查询性能并确保数据在语义上保持有效。

各约束类型及说明如下：

* 非空约束（`NOT NULL`）：表示不允许约束包含的列的值为 `NULL`。

  对于有非空约束的列，在 `INSERT` 语句中必须指定该列的值，除非该列还定义了非空的默认值。

* 唯一性约束（`UNIQUE`）：不允许约束包含的列的值有重复值，但是可以有多个 `NULL` 值。
  
* 外键约束（`FOREIGN KEY`）：要求约束的列的值取自于另外一个表的主键列。

  创建外键约束时，如果不指定外键名，系统会自动分配一个约束名，自动分配的约束名为 `表名_OBFK_创建时间戳`。例如，`t1_OBFK_1627747200000000`。
  
* `CHECK` 约束：要求数据库中某列的值符合指定的条件。

  可以对单个列定义一个或多个 `CHECK` 约束，使该列只允许特定的值，也可以定义表级的 `CHECK` 约束，将一个 `CHECK` 约束应用于多个列。修改表名时，`CHECK` 约束名不会被修改。删除某个表时，同时也会删除应用于该表的 `CHECK` 约束。

  创建 `CHECK` 约束时，如果未指定约束名称，系统会自动分配一个约束名，自动分配的约束名为 `表名_OBCHECK_创建时间戳`，例如，`t1_OBCHECK_1629350823880271`。

要约束单个列，请在该列的定义中添加一个约束关键字，如果要约束多个列，请在 [CREATE TABLE](../../../700.reference/500.sql-reference/100.sql-syntax/300.common-tenant-of-oracle-mode/900.sql-statement-of-oracle-mode/100.ddl-of-oracle-mode/2400.create-table-of-oracle-mode.md) 语句中所有列的列表之后再添加整个约束的定义。

以下是定义其他列约束时需要遵循的要求：

* 建议给明确不存在 NULL 值的字段加上 `NOT NULL` 约束。

* 如果要引用另一个表中的值，请使用外键约束。

* 组合主键不能作为外键使用。

* 如果需要防止列中出现重复值，请使用唯一约束。

* 除 `NOT NULL` 约束外，建议明确标识其他约束的名称。例如，唯一性约束命名为 “UNI_xxx”，外键约束命名为 “FK_xxx”。

示例 3：创建表 `tbl1`，并设置列 `col1` 为非空约束。

```sql
obclient [SYS]> CREATE TABLE tbl1(col1 NUMBER NOT NULL,col2 VARCHAR2(50));
Query OK, 0 rows affected
  
obclient [SYS]> DESC tbl1;
+-------+--------------+------+-----+---------+-------+
| FIELD | TYPE         | NULL | KEY | DEFAULT | EXTRA |
+-------+--------------+------+-----+---------+-------+
| COL1  | NUMBER       | NO   | NULL | NULL   | NULL  |
| COL2  | VARCHAR2(50) | YES  | NULL | NULL   | NULL  |
+-------+--------------+------+-----+---------+-------+
2 rows in set
```

示例 3 中，后续插入数据时，列 `col1` 插入的值不能为 `NULL`。

示例 4：创建表 `tbl2`，并设置列 `col1` 为唯一性约束。

```sql
obclient [SYS]> CREATE TABLE tbl2(col1 NUMBER UNIQUE,col2 VARCHAR2(50));
Query OK, 0 rows affected

obclient [SYS]> DESC tbl2;
+-------+--------------+------+-----+---------+-------+
| FIELD | TYPE         | NULL | KEY | DEFAULT | EXTRA |
+-------+--------------+------+-----+---------+-------+
| COL1  | NUMBER       | YES  | UNI | NULL    | NULL  |
| COL2  | VARCHAR2(50) | YES  | NULL| NULL    | NULL  |
+-------+--------------+------+-----+---------+-------+
2 rows in set
```

示例 4 中，列 `col1` 的值不能有重复值。

示例 5：创建表 `tbl3` 的外键约束。

```sql
obclient [SYS]> CREATE TABLE test(c1 NUMBER, c2 NUMBER, CONSTRAINT PK_c1 PRIMARY KEY(c1));
Query OK, 0 rows affected

obclient [SYS]> CREATE TABLE tbl3(col1 NUMBER PRIMARY KEY,col2 NUMBER,CONSTRAINT FK_col2 FOREIGN KEY(col2) REFERENCES test(c1));
Query OK, 0 rows affected

obclient [SYS]> SELECT * FROM ALL_CONSTRAINTS\G
*************************** 1. row ***************************
            OWNER: SYS
  CONSTRAINT_NAME: FK_COL2
  CONSTRAINT_TYPE: R
       TABLE_NAME: TBL3
 SEARCH_CONDITION: NULL
          R_OWNER: SYS
R_CONSTRAINT_NAME: PK_C1
      DELETE_RULE: NO ACTION
           STATUS: ENABLED
       DEFERRABLE: NOT DEFERRABLE
         DEFERRED: IMMEDIATE
        VALIDATED: VALIDATED
        GENERATED: NULL
              BAD: NULL
             RELY: NULL
      LAST_CHANGE: NULL
      INDEX_OWNER: NULL
       INDEX_NAME: NULL
          INVALID: NULL
     VIEW_RELATED: NULL
*************************** 2. row ***************************
            OWNER: SYS
  CONSTRAINT_NAME: PK_C1
  CONSTRAINT_TYPE: P
       TABLE_NAME: TEST
 SEARCH_CONDITION: NULL
          R_OWNER: NULL
R_CONSTRAINT_NAME: NULL
      DELETE_RULE: NULL
           STATUS: ENABLED
       DEFERRABLE: NOT DEFERRABLE
         DEFERRED: IMMEDIATE
        VALIDATED: VALIDATED
        GENERATED: NULL
              BAD: NULL
             RELY: NULL
      LAST_CHANGE: NULL
      INDEX_OWNER: SYS
       INDEX_NAME: PK_C1
          INVALID: NULL
     VIEW_RELATED: NULL
*************************** 3. row ***************************
            OWNER: SYS
  CONSTRAINT_NAME: TBL3_OBPK_1666339106039791
  CONSTRAINT_TYPE: P
       TABLE_NAME: TBL3
 SEARCH_CONDITION: NULL
          R_OWNER: NULL
R_CONSTRAINT_NAME: NULL
      DELETE_RULE: NULL
           STATUS: ENABLED
       DEFERRABLE: NOT DEFERRABLE
         DEFERRED: IMMEDIATE
        VALIDATED: VALIDATED
        GENERATED: NULL
              BAD: NULL
             RELY: NULL
      LAST_CHANGE: NULL
      INDEX_OWNER: SYS
       INDEX_NAME: TBL3_OBPK_1666339106039791
          INVALID: NULL
     VIEW_RELATED: NULL
3 rows in set
```

示例 5 中，表 `tbl3` 的列 `col2` 关联另一个表 `test` 的主键列 `c1`。创建成功后，可以通过 `ALL_CONSTRAINTS` 、`DBA_CONSTRAINTS` 或 `USER_CONSTRAINTS` 视图查看。

示例 6：创建表 `tbl4`，并设置列 `col1` 的值需大于 `10`。

```sql
obclient [SYS]> CREATE TABLE tbl4(col1 NUMBER CHECK(col1>10),col2 VARCHAR2(50));
Query OK, 0 rows affected

obclient [SYS]> INSERT INTO tbl4 VALUES(2,'CN');
OBE-02290: check constraint violated

obclient [SYS]> INSERT INTO tbl4 VALUES(11,'CN');
Query OK, 1 row affected
```

示例 6 中，由于 `col1` 列添加了 `CHECK` 约束，后续插入列 `col1` 的值不大于 `10` 时就会报错。

定义其他列约束的详细操作请参见 [定义列的约束类型](../../../700.reference/300.database-object-management/200.manage-object-of-oracle-mode/100.manage-tables-of-oracle-mode/400.define-the-constraint-type-for-a-column-of-oracle-mode.md)。

### 选择分区方案

在创建表时，需要明确表的分区方案，如果表中的数据量很大时，建议对表进行分区。创建分区表时，需要根据待存储在表中的数据来选择合适的分区方式。

在 OceanBase 数据库的 Oracle 模式中，按照分区策略，分区表可以分为 Range 分区、List 分区、 Hash 分区和组合分区。按照分区维度，分区表可以分为一级分区和二级分区，二级分区是一级分区的二次拆分，因此一级分区表有一个分区键，二级分区表有两个分区键，并且两次拆分的策略可以不一样。

关于分区相关的更多介绍，请参见 [分区概述](../../../700.reference/100.oceanbase-database-concepts/400.database-objects/100.database-objects-of-oracle-mode/400.partition-of-oracle-mode/100.the-partition-overview-of-oracle-mode.md)。

**Range 分区**

Range 分区是最常见的分区类型，通常与日期一起使用。在进行 Range 分区时，数据库根据分区键的值范围将行映射到分区。

在创建 Range 分区时，需要遵循以下要求：

* 每个分区都有一个 `VALUES LESS THAN(value)` 子句，它为分区指定一个非包含的上限值。分区键的任何值等于或大于这个值时将被映射到下一个分区中。

* 除第一个分区外，所有分区都隐含一个下限值，即上一个分区的上限值。

* Range 分区支持为最高分区定义 `MAXVALUE`。`MAXVALUE` 表示一个虚拟无限值，其排序高于分区键的任何其他可能值。仅允许最后一个分区的上限定义为 `MAXVALUE`，这个值没有具体的数值，并且比其他所有分区的上限都要大，也包含空值。如果最后一个 Range 分区指定了 `MAXVALUE`，则不能新增分区。

示例 7：创建 Range 分区表。

```sql
obclient [SYS]> CREATE TABLE tb1_r(col1 NUMBER,col2 NUMBER) 
       PARTITION BY RANGE(col1)
        (PARTITION p0 VALUES LESS THAN(100),
         PARTITION p1 VALUES LESS THAN(200),
         PARTITION p2 VALUES LESS THAN(300)
        ); 
Query OK, 0 rows affected
```

示例 7 中，使用了 `col1` 作为分区键。分区表 `tb1_r` 将会按照 `100、200、300` 的数值范围进行分区。`p0、p1、p2` 为指定的分区名，可以自定义，只需要满足同一个表中每个分区名不重复即可。

**List 分区**

在进行 List 分区时，系统使用离散值列表作为每个分区的分区键。分区键由一个或多个列组成。

在创建 List 分区时，需要遵循以下要求：

* 每个分区都有一个 `VALUES (value_list)` 子句。

* 分区表达式只能引用一列，不能有多列（即列向量）。

* 如果最后一个 List 分区指定了 `DEFAULT`，则不能新增分区。

示例 8：创建一个 List 分区表。

```sql
obclient [SYS]> CREATE TABLE tbl2_l (col1 NUMBER,col2 DATE)
         PARTITION BY LIST(col1)
          (PARTITION p0 VALUES (100),
           PARTITION p1 VALUES (200)
          );
Query OK, 0 rows affected
```

示例 8 中，使用 `col1` 列作为分区键，表 tbl2_l 将会按照 `100、200 `的列值来进行分区。

**Hash 分区**

在进行 Hash 分区时，系统根据用户指定的分区键的哈希算法将行映射到分区。​Hash 分区是在节点之间均匀分布数据的理想方法。Hash 分区也是范围分区的一种易于使用的替代方法，特别是当要分区的数据不是历史数据或没有明显的分区键的场景。

示例 9：创建一个 Hash 分区表。

```sql
obclient [SYS]> CREATE TABLE tbl3_h(col1 NUMBER,col2 NUMBER)
     PARTITION BY HASH(col1) PARTITIONS 2;
Query OK, 0 rows affected
```

示例 9 中，使用了 `col1` 作为分区键，将表 `tbl3_h` 分为 2 个 区。由于创建表时，未指定 Hash 分区的名称，分区命名由系统根据命名规则完成，即每个分区分别命名为 p0、p1、...、pn。

**组合分区(二级分区)**

组合分区通常是先使用一种分区策略，然后在子分区再使用另外一种分区策略，适合于业务表的数据量非常大时。使用组合分区能发挥多种分区策略的优点。

Range 分区、List 分区、 Hash 分区均可以作为组合分区表的二级分区策略。在 OceanBase 数据库中，二级分区表还包括模板化二级分区表和非模板化二级分区表。

下面通过几个简单示例，简单介绍二级分区表的创建方法。

示例 10：创建 Range + List 分区的模板化二级分区表。

```sql
obclient [SYS]> CREATE TABLE tbl4_m_rl(col1 NUMBER,col2 VARCHAR2(50))
       PARTITION BY RANGE(col1)
       SUBPARTITION BY LIST(col2)
       SUBPARTITION TEMPLATE
         (SUBPARTITION mp0 VALUES('01'),
          SUBPARTITION mp1 VALUES('02'),
          SUBPARTITION mp2 VALUES('03')
          )
         (PARTITION p0 VALUES LESS THAN(100),
          PARTITION p1 VALUES LESS THAN(200)
          );
Query OK, 0 rows affected
```

示例 10 中，使用 `SUBPARTITION TEMPLATE` 关键字来创建模板化二级分区表。模板化二级分区表的每个一级分区下的二级分区都按照模板中的二级分区定义，即每个一级分区下的二级分区定义均相同。本示例中，先使用 Range 分区方式进行分区，再使用 List 分区方式进行二次分区。

此外，创建模板化二级分区时，完成二级分区的定义后，不需要单独指定每个分区的分区名，由系统根据命名规则统一完成，每个二级分区的命名规则为 `($part_name)s($subpart_name)`，示例如下。

示例 11：创建 List + Hash 分区的模板化二级分区表。

```sql
obclient [SYS]> CREATE TABLE tbl5_m_lh(col1 INT,col2 VARCHAR2(50))
     PARTITION BY LIST(col1)
     SUBPARTITION BY HASH(col2) SUBPARTITIONS 5
      (PARTITION p0 VALUES('01'),
       PARTITION p1 VALUES('02')
       );
Query OK, 0 rows affected

obclient [SYS]> SHOW CREATE TABLE tbl5_m_lh;
+-----------+---------------------------------------------------------------------------------------------------------------------------------------------------------------------------------------------------------------------------------------------------------------------------------------------------------------------------------------------------------------------------------------------------------------------+
| TABLE     | CREATE TABLE


                                                          |
+-----------+---------------------------------------------------------------------------------------------------------------------------------------------------------------------------------------------------------------------------------------------------------------------------------------------------------------------------------------------------------------------------------------------------------------------+
| TBL5_M_LH | CREATE TABLE "TBL5_M_LH" (
  "COL1" NUMBER(*,0),
  "COL2" VARCHAR2(50)
) COMPRESS FOR ARCHIVE REPLICA_NUM = 1 BLOCK_SIZE = 16384 USE_BLOOM_FILTER = FALSE TABLET_SIZE = 134217728 PCTFREE = 0
 partition by list(col1) subpartition by hash(col2) subpartition template (
subpartition P0,
subpartition P1,
subpartition P2,
subpartition P3,
subpartition P4)
(partition P0 values  (1),
partition P1 values  (2)) |
+-----------+---------------------------------------------------------------------------------------------------------------------------------------------------------------------------------------------------------------------------------------------------------------------------------------------------------------------------------------------------------------------------------------------------------------------+
1 row in set

obclient [SYS]> SELECT table_name,partition_name,subpartition_name FROM USER_TAB_SUBPARTITIONS WHERE table_name = 'TBL5_M_LH';
+------------+----------------+-------------------+
| TABLE_NAME | PARTITION_NAME | SUBPARTITION_NAME |
+------------+----------------+-------------------+
| TBL5_M_LH  | P0             | P0SP0             |
| TBL5_M_LH  | P0             | P0SP1             |
| TBL5_M_LH  | P0             | P0SP2             |
| TBL5_M_LH  | P0             | P0SP3             |
| TBL5_M_LH  | P0             | P0SP4             |
| TBL5_M_LH  | P1             | P1SP0             |
| TBL5_M_LH  | P1             | P1SP1             |
| TBL5_M_LH  | P1             | P1SP2             |
| TBL5_M_LH  | P1             | P1SP3             |
| TBL5_M_LH  | P1             | P1SP4             |
+------------+----------------+-------------------+
10 rows in set
```

示例 11 中，首先，使用 Hash 分区进行二次分区时未指定分区名，系统根据命名规则自动生成子分区定义 `p0、p1、p2、p3、p4`。然后，再根据模板化二级分区的命名规则，一级分区 `p0` 对应的分区名为 `p0smp0`、`p0smp1`、`p0smp2`、`p0smp3`、`p0smp4`。

  <main id="notice" type='notice'>
    <h4>注意</h4>
    <p>对于 Hash 分区，如果是通过指定分区数的方式（例如，<code>SUBPARTITIONS 5</code>）进行二次分区，则在创建模板化二级分区表时，不需要指定 <code>SUBPARTITION TEMPLATE</code> 关键字。</p>
  </main>

示例 12：创建 List + Hash 分区的非模板化二级分区表。

```sql
obclient [SYS]> CREATE TABLE tbl6_f_lh(col1 NUMBER,col2 VARCHAR2(50))
       PARTITION BY LIST(col1)
       SUBPARTITION BY HASH(col2)
       (PARTITION p0 VALUES('01')
         (SUBPARTITION sp0,
          SUBPARTITION sp1
          ), 
        PARTITION p1 VALUES('02')
         (SUBPARTITION sp2,
          SUBPARTITION sp3,
          SUBPARTITION sp4
          )
        );
Query OK, 0 rows affected
```

示例 12 中，创建非模板化二级分区表，不需要添加 `SUBPARTITION TEMPLATE` 关键字。非模板化二级分区表的每个一级分区下的二级分区均可以自由定义，即每个一级分区下的二级分区的定义可以相同也可以不同。本示例中，先使用 List 分区方式进行分区，再使用 Hash 方式进行二次分区。

## 创建复制表

复制表是 OceanBase 数据库的一种特殊表。这种表可以在任意一个 “健康” 的副本上读取到数据的最新修改。对于写入频率较低、读取频率较高的场景，复制表是一种很好的选择。

更多复制表信息，请参见管理员指南下 [创建表](../../../700.reference/300.database-object-management/200.manage-object-of-oracle-mode/100.manage-tables-of-oracle-mode/200.create-a-table-for-oracle-tenant-of-oracle-mode.md) 中的 **创建复制表** 章节。

<main id="notice" type='notice'>
  <h4>注意</h4>
  <p>仅用户租户可以创建复制表，<code>sys</code> 租户无法创建复制表。</p>
</main>

创建复制表的 SQL 语法如下：

```sql
CREATE TABLE table_name column_definition DUPLICATE_SCOPE='none | cluster';
```

参数解释：

* `table_name`：表名。
* `column_definition`：表的列信息。比如，列定义、主键定义等。
* `DUPLICATE_SCOPE`：用来指定复制表的属性，取值如下：

  * `none`：表示该表是一个普通表。
  * `cluster`：表示该表是一个复制表，Leader 需要将事务复制到当前租户的所有 F 副本及 R 副本。

示例 13：使用下面 SQL 语句，创建复制表 `test_tbl13`。

```sql
CREATE TABLE test_tbl13 (col1 NUMBER,col2 NUMBER) DUPLICATE_SCOPE= 'cluster';
```

## 后续操作

创建表完成后，您可能需要执行以下一些后续操作来完善表的使用和管理：

* 创建表后，可以使用 `INSERT` 语句将数据插入到表中。更多有关插入数据的详细信息，请参见 [插入数据](../400.write-data-of-oracle-mode/100.insert-data-of-oracle-mode-in-develop.md)。

* 如果需要提高查询性能，可以为表中的列创建索引。更多有关创建索引的详细信息，请参见 [创建索引](300.create-index-of-oracle-mode-in-develop.md)。

## 相关文档

* 更多有关查看表属性的详细信息，请参见 [查看表的定义](../../../700.reference/300.database-object-management/200.manage-object-of-oracle-mode/100.manage-tables-of-oracle-mode/500.view-the-definition-of-a-table-of-oracle-mode.md)。
* 更多有关删除表的详细信息，请参见 [删除表](../../../700.reference/300.database-object-management/200.manage-object-of-oracle-mode/100.manage-tables-of-oracle-mode/800.delete-a-table-of-oracle-mode.md)。
* 更多有关修改表结构的详细信息，请参见 [更改表](../../../700.reference/300.database-object-management/200.manage-object-of-oracle-mode/100.manage-tables-of-oracle-mode/600.change-table-of-oracle-mode.md)。
* 更多有关创建分区表的详细信息，请参见 [创建分区表](../../../700.reference/300.database-object-management/200.manage-object-of-oracle-mode/200.manage-partitions-of-oracle-mode/200.create-a-partition-table-of-oracle-mode.md)。
