| Description   |                 |
|---------------|-----------------|
| keywords      |                 |
| dir-name      |                 |
| dir-name-en   |                 |
| tenant-type   | Oracle Mode     |

# INSERT

## 描述

该语句用于添加一个或多个记录到表中。

## 语法

```sql
INSERT [hint_options] { single_table_insert | multi_table_insert | overwrite_table_insert};

single_table_insert:
    { INTO insert_table_clause opt_nologging '(' column_list ')' values_clause [{ RETURNING | RETURN } returning_exprs [into_clause]]
    | INTO insert_table_clause opt_nologging '(' ')' values_clause [{ RETURNING | RETURN } returning_exprs [into_clause]]
    | INTO insert_table_clause opt_nologging values_clause [{ RETURNING | RETURN } returning_exprs [into_clause]]
    }

opt_nologging:
    { NOLOGGING | /*EMPTY*/ }

returning_exprs:
    projection_col_name [,projection_col_name ...]

insert_into_clause:
    { INTO into_var_list | BULK COLLECT INTO into_var_list}

into_var_list:
    { USER_VARIABLE | ref_name } [, { USER_VARIABLE | ref_name }...]

values_clause:
    VALUES ({ expr | DEFAULT } [, { expr | DEFAULT } ]...  )

multi_table_insert:
    { ALL { insert_into_clause [ values_clause ] [error_logging_clause] }
    | conditional_insert_clause
    } subquery

conditional_insert_clause:
    [ ALL | FIRST ]
    WHEN condition
    THEN insert_into_clause
    [ values_clause ]
    [ error_logging_clause ]
    [ insert_into_clause [ values_clause ] [ error_logging_clause ] ]...
    [ WHEN condition
        THEN insert_into_clause
        [ values_clause ]
        [ error_logging_clause ]
        [ insert_into_clause [ values_clause ] [ error_logging_clause ] ]...
    ]...
    [ ELSE insert_into_clause
        [ values_clause ]
        [ error_logging_clause ]
        [ insert_into_clause [ values_clause ] [ error_logging_clause ] ]...
    ]

error_logging_clause:
    LOG ERRORS [ INTO [schema.] table_name ] [ (simple_expression) ] [ REJECT LIMIT { integer | UNLIMITED } ]

overwrite_table_insert:
    [/*+PARALLEL(N)*/] OVERWRITE table_name [PARTITION (partition_name, ...)] select_stmt
```

## 参数解释

|            参数           |                            描述                                      |
|---------------------------|---------------------------------------------------------------------|
| hint_options              | 指定 Hint 选项，为可选项。更多使用 Hint 信息，参见 [Hint 概述](../../300.basic-elements-of-oracle-mode/600.annotation-of-oracle-mode/400.hint-of-oracle-mode/100.hint-overview-of-oracle-mode.md)。</br>OceanBase 数据库 Oracle 模式 `INSERT INTO SELECT` 语句支持 `direct` Hint 的启用旁路导入，格式为：`/*+ direct(bool, int, load_mode)} enable_parallel_dml PARALLEL(N) */`。<ul><li><code>bool</code>：表示写入的数据是否需要排序，<code>true</code> 表示需要排序，<code>false</code> 表示不需要排序。</li><li><code>int</code>：表示最大容忍的错误行数。</li><li><code>load_mode</code>：可选参数，表示旁路导入的模式。取值须使用英文单引号包起来，取值如下：<ul><li><code>full</code>：默认值，表示全量导入。</li><li><code>inc</code>：表示增量导入，支持 <code>INSERT</code> 和 <code>IGNORE</code> 语义。</li><li><code>inc_replace</code>：表示增量导入，但不检查主键是否重复，相当于 <code>REPLACE</code> 语义的增量导入。</li></ul> </li><li><code>enable_parallel_dml parallel(N)</code>：加载数据的并行度，<code>N</code> 默认为 4。<main id="notice" type='explain'><h4>说明</h4><p>一般情况下，<code>enable_parallel_dml</code> Hint 和 <code>parallel</code> Hint 必须配合使用才能开启并行 DML。不过，当目标表的 Schema 上指定了表级别的并行度时，仅需指定 <code>enable_parallel_dml</code> Hint。</p></main></li></ul> 更多使用 `INSERT INTO` 旁路导入的信息，参见 [使用 INSERT INTO SELECT 语句旁路导入数据](../../../../../../500.data-migration/1100.bypass-import/300.use-insert-into-select-statement-to-bypass-import-data.md)。<main id="notice" type='notice'><h4>注意</h4><p>在执行旁路导入任务的过程中，不建议同时进行 OceanBase 数据库的升级操作，因为这可能导致旁路导入任务失败。</p></main>|
| single_table_insert       | 单表插入。                                                                                                                                                                                                             |
| insert_table_clause       | 指定的插入的表，可以是基表、可更新视图、特殊子查询。                                                                                                                                                                                        |
| opt_nologging             | 尽量减少插入时的日志信息。                                                                                                                                                                                                     |
| column_list               | 指定要插入的列名。                                                                                                                                                                                                         |
| returning_exprs           | 返回插入数据之后的投影列。                                                                                                                                                                                                     |
| insert_into_clause        | 将插入数据之后的列值插入到指定列表中。                                                                                                                                                                                               |
| multi_table_insert        | 多表插入。                                                                                                                                                                                                             |
| conditional_insert_clause | 带条件的多表插入。 <ul><li> `ALL`：遍历所有匹配条件的分支，只要满足条件就会将数据插入对应的表。   </li><li> `FIRST`：找到第一个满足条件的分支后，将数据插入该分支对应的表，不会再继续检查剩余分支的条件是否满足。</li></ul>    |
| error_logging_clause      | 将 SQL 错误和受影响的行数列中的值保存在一个错误记录表。                                                                                                                                                                                    |
| overwrite_table_insert  | 用于将查询结果替换表中的现有数据，即该语句会先清空表中的旧数据，再将新数据批量写入到表中。有关使用 `INSERT OVERWRITE SELECT` 语句的示例信息，参见 [插入数据](../../../../../../300.develop/200.application-development-of-oracle-mode/400.write-data-of-oracle-mode/100.insert-data-of-oracle-mode-in-develop.md) 中的 **使用 INSERT OVERWRITE SELECT 语句插入数据** 章节。<main id="notice" type='notice'><h4>注意</h4><p><ul><li>该语句无法在多行事务中操作。因此，为确保操作顺利进行，需先执行 <code>SET autocommit = on;</code> 命令开启自动提交事务。</li><li>暂不支持目标表为 Hash/key 分区类型（如果为二级分区，则一级分区无限制，但是二级分区不能为 Hash/key 分区类型）。</li></p></main>|
| select_stmt             | 指定 `SELECT` 子句。有关查询语句的详细信息，参见 [SIMPLE SELECT](500.select-of-oracle-mode/100.simple-select-of-oracle-mode.md)。|

  <main id="notice" type='notice'>
    <h4>注意</h4>
    <p>特殊子查询指的类似于可更新视图对应的子查询，这类子查询不应该包含复杂的算子（比如 <code>group by</code>、<code>distinct</code>、<code>window function</code> 等）。</p>
  </main>

## 示例

示例表及数据基于以下定义：

```sql
obclient> CREATE TABLE tbl1(col1 INT PRIMARY KEY, col2 INT,col3 INT);
Query OK, 0 rows affected
```

* 单表插入：向表 `tbl1` 中插入一行数据。

  ```sql
  obclient> INSERT INTO tbl1 VALUES(1,2,3);
  Query OK, 1 row affected

  obclient> SELECT * FROM tbl1;
  +------+------+------+
  | COL1 | COL2 | COL3 |
  +------+------+------+
  |    1 |    2 |    3 |
  +------+------+------+
  1 row in set
  ```

* 单表插入：直接向子查询中插入数据。

  ```javascript
  obclient>INSERT INTO (SELECT * FROM tbl1) VALUES(1,2,3);
  Query OK, 1 row affected

  obclient> SELECT * FROM tbl1;
  +----+------+------+
  | COL1 | COL2   | COL3   |
  +----+------+------+
  |  1 |    2 |    3 |
  +----+------+------+
  1 row in set
  ```

* 单表插入：包含 `RETURNING` 子句。

  ```javascript
  obclient> INSERT INTO tbl1 VALUES(1,2,3) RETURNING col1;
  +------+
  | COL1 |
  +------+
  |    1 |
  +------+
  1 row in set

  obclient> SELECT * FROM tbl1;
  +------+------+------+
  | COL1 | COL2 | COL3 |
  +------+------+------+
  |    1 |    2 |    3 |
  +------+------+------+
  1 row in set
  ```

* 普通的多表插入：当表 `tbl3` 中有至少一行数据时，向表 `tbl1` 插入一行数据 (1,1,1)，向表 `tbl2` 插入一行数据 (2,2,2)。

  ```sql
  obclient> INSERT ALL INTO tbl1 VALUES(1,1,1)
                                      INTO tbl2 VALUES(2,2,2)
                  SELECT * FROM tbl3 WHERE ROWNUM< 2;
  Query OK, 2 rows affected
  Records: 2  Duplicates: 0  Warnings: 0

  obclient> SELECT * FROM tbl1;
  +------+------+------+
  | COL1 | COL2 | COL3 |
  +------+------+------+
  |    1 |    1 |    1 |
  +------+------+------+
  1 row in set

  obclient> SELECT * FROM tbl2;
  +------+------+------+
  | COL1 | COL2 | COL3 |
  +------+------+------+
  |    2 |    2 |    2 |
  +------+------+------+
  1 row in set
  ```

* 带条件的多表插入：使用 `INSERT ALL`，当表 `tbl` 中 `col2` 的值大于 `1` 时，向表 `tbl1` 中插入数据 (1,1,1)；当表 `tbl` 中 `col3` 的值大于 `1` 时，向表 `tbl2` 中插入数据 (2,2,2)；如果都不满足，则向表 `tbl1` 中插入数据 (3,3,3)。

  ```sql
  obclient> INSERT INTO tbl VALUES(1,2,3);
  Query OK, 1 row affected

  obclient>INSERT ALL
                WHEN col2 > 1 THEN INTO tbl1 VALUES(1,1,1)
                WHEN col3 > 1 THEN INTO tbl2 VALUES(2,2,2)
                ELSE INTO tbl1 VALUES(3,3,3) SELECT col2,col3 FROM tbl;
  Query OK, 2 rows affected
  Records: 2  Duplicates: 0  Warnings: 0

  obclient> SELECT * FROM tbl1;
  +----+------+------+
  | COL1 | COL2   | COL3   |
  +----+------+------+
  |  1 |    1 |    1 |
  +----+------+------+
  1 row in set

  obclient> SELECT * FROM tbl2;
  +----+------+------+
  | COL1 | COL2   | COL3   |
  +----+------+------+
  |  2 |    2 |    2 |
  +----+------+------+
  1 row in set
  ```

* 带条件的多表插入：使用 `INSERT FIRST`，当表 `tbl` 中 `col2` 的值大于 `1` 时，向表 `tbl1` 中插入数据 (1,1,1)，向表 `tbl2` 中插入数据 (4,4,4)；当表 `tbl` 中 `col3` 的值大于 `1` 时，向表 `tbl2` 中插入数据 (2,2,2)；如果都不满足，则向表 `tbl1` 中插入数据 (3,3,3)。

  ```sql
  obclient>INSERT INTO tbl VALUES(1,2,3);
  Query OK, 1 row affected

  obclient>INSERT ALL
                WHEN col2 > 1 THEN INTO tbl1 VALUES(1,1,1) INTO tbl2 VALUES(4,4,4)
                WHEN col3 > 1 THEN INTO tbl2 VALUES(2,2,2)
                ELSE INTO tbl1 VALUES(3,3,3) SELECT col2,col3 FROM tbl;
  Query OK, 3 rows affected
  Records: 3  Duplicates: 0  Warnings: 0

  obclient> SELECT * FROM tbl1;
  +----+------+------+
  | COL1 | COL2   | COL3   |
  +----+------+------+
  |  1 |    1 |    1 |
  +----+------+------+
  1 row in set

  obclient> SELECT * FROM tbl2;
  +------+------+------+
  | COL1   | COL2   | COL3   |
  +------+------+------+
  |    4 |    4 |    4 |
  |    2 |    2 |    2 |
  +------+------+------+
  2 rows in set
  ```

* 通过 `direct` Hint 的 load_mode 参数来指定增量旁路导入。

  ```sql
  obclient [SYS]> INSERT /*+ direct(true, 0, 'inc_replace') enable_parallel_dml parallel(2) */ INTO tbl2 SELECT * FROM tbl1;
  ```

  返回结果如下：

  ```sql
  Query OK, 8 rows affected
  Records: 8  Duplicates: 0  Warnings: 0
  ```

## 相关文档

* [插入数据](../../../../../../300.develop/200.application-development-of-oracle-mode/400.write-data-of-oracle-mode/100.insert-data-of-oracle-mode-in-develop.md)
* [使用 INSERT INTO SELECT 语句旁路导入数据](../../../../../../500.data-migration/1100.bypass-import/300.use-insert-into-select-statement-to-bypass-import-data.md)
* [SIMPLE SELECT](500.select-of-oracle-mode/100.simple-select-of-oracle-mode.md)
