| Description   |                 |
|---------------|-----------------|
| keywords      |                 |
| dir-name      |                 |
| dir-name-en   |                 |
| tenant-type   | Oracle Mode     |

# TO_CHAR(datetime)

## Purpose

`TO_CHAR(datetime)` converts a value of the `DATE`, `TIMESTAMP`, `TIMESTAMP WITH TIME ZONE`, `TIMESTAMP WITH LOCAL TIME ZONE`, `INTERVAL DAY TO SECOND`, or `INTERVAL YEAR TO MONTH` data type to a value of the `VARCHAR2` data type in the specified format.

## Syntax

```sql
TO_CHAR({ datetime | interval } [, fmt [, 'nlsparam' ] ])
```

## Parameters

| Parameter | Description |
|----------|------------------------------------------------------------------------------------------------------------------------------------------------------------------------------------------------------------------------------------------------------------------------------------------------------------------------------------------------------------------------------------------------------------------------|
| datetime | A value of the `DATE`, `TIMESTAMP`, `TIMESTAMP WITH TIME ZONE`, `TIMESTAMP WITH LOCAL TIME ZONE`, `INTERVAL DAY TO SECOND`, or `INTERVAL YEAR TO MONTH` data type.  |
| fmt | The format of the return value. This parameter is optional. If you do not specify `fmt`, the value of `datetime` is converted to a value of the `VARCHAR2` data type in the following format: <ul><li> A value of the `DATE`, `TIMESTAMP`, `TIMESTAMP WITH TIME ZONE`, or `TIMESTAMP WITH LOCAL TIME ZONE` data type is converted to a value in the default datetime format of OceanBase Database. For the default formats of different datetime types, see **Datetime and interval data types**.    </li><li> A value of the `INTERVAL DAY TO SECOND` or `INTERVAL YEAR TO MONTH` data type is converted to an interval value in the numeric format. </li></ul> |
| nlsparam | The language in which month and day names are returned. This parameter is optional.  |

## Return type

The return type is `VARCHAR2`.

## Examples

* The following example uses the `TO_CHAR()` function to return the current system date in the `DS DL` format.

   ```sql
   obclient> SELECT TO_CHAR(SYSDATE,'yyyy/mm/dd'),TO_CHAR(SYSDATE,'DS DL') FROM DUAL;
   +-------------------------------+----------------------------------------+
   | TO_CHAR(SYSDATE,'YYYY/MM/DD') | TO_CHAR(SYSDATE,'DSDL')                |
   +-------------------------------+----------------------------------------+
   | 2021/11/18                    | 11/18/2021 Thursday, November 18, 2021 |
   +-------------------------------+----------------------------------------+
   1 row in set
   ```

* The following example converts an interval value to a value in the specified format and specifies `AMERICAN` as the language in which the value is returned.

   ```sql
   obclient> SELECT TO_CHAR(interval'1' year, 'SS-MI-HH', 'nls_language = AMERICAN') FROM DUAL;
   +-------------------------------------------------------------+
   | TO_CHAR(INTERVAL'1'YEAR,'SS-MI-HH','NLS_LANGUAGE=AMERICAN') |
   +-------------------------------------------------------------+
   | +01-00                                                      |
   +-------------------------------------------------------------+
   1 row in set
   ```
