# 关于自增列

本文主要介绍 OceanBase 数据库中 MySQL 模式下自增列（`AUTO_INCREMENT`）的使用。自增列可用于为新的记录生成唯一标识。

## 背景信息

如果创建表时某个数值列的值需要不重复并且保持递增，就可以使用自增列。

在 OceanBase 数据库的 MySQL 模式中，列的类型可以定义为 `AUTO_INCREMENT`，即 MySQL 模式租户的自增列。

>**说明**
>
>* `AUTO_INCREMENT` 是数据列的一种属性，只适用于整数类型数据列。
>
>* `AUTO_INCREMENT` 数据列必须具备 `NOT NULL` 属性。

## 前提条件

当前用户需要具有 `CREATE TABLE` 和 `ALTER TABLE` 权限。

## 自增列的属性

自增列有三个重要属性：自增起始值、自增步长、自增列缓存大小，通过以下三个租户变量参数控制。

| 系统变量 |    说明    |
|---------|------------|
| [auto_increment_cache_size](../../../7.reference/4.system-variables/3.auto_increment_cache_size-1-2-3.md) | 用于设置自增的缓存个数，取值范围为 [1, 100000000]，默认值为 `1000000`。 生效范围 `GLOBAL`。|
| [auto_increment_increment](../../../7.reference/4.system-variables/4.auto_increment_increment-1-2-3.md)  | 用于设置自增步长，取值范围为 [1, 65535]，默认值为 `1`。 生效范围 `GLOBAL`、`SESSION`。 |
| [auto_increment_offset](../../../7.reference/4.system-variables/5.auto_increment_offset-1-2-3.md)     | 用于确定 `AUTO_INCREMENT` 列值的起点，取值范围为 [1, 65535]，默认值为 `1`。 生效范围 `GLOBAL`、`SESSION`。 |

>**说明**
>
>有关系统变量的使用信息，详见 [系统变量概述](../../../7.reference/4.system-variables/1.overview-of-system-variables-3.md)。

* 查看当前会话自增列的自增起始值、自增步长、自增列缓存大小。

  ```SQL
  obclient> SHOW VARIABLES WHERE variable_name IN(
        'auto_increment_increment',
        'auto_increment_offset',
        'auto_increment_cache_size');
  +---------------------------+---------+
  | Variable_name             | Value   |
  +---------------------------+---------+
  | auto_increment_cache_size | 1000000 |
  | auto_increment_increment  | 1       |
  | auto_increment_offset     | 1       |
  +---------------------------+---------+
  3 rows in set
  ```

* 设置自增列缓存为 `1000`，当前会话自增列的自增起始值为 `10`、自增步长为 `2`。

  ```SQL
  obclient> SET GLOBAL auto_increment_cache_size=10000;
  Query OK, 0 rows affected

  obclient> SET auto_increment_offset=100;
  Query OK, 0 rows affected

  obclient> SET auto_increment_increment=2;
  Query OK, 0 rows affected
  ```

## 自增列的模式

OceanBase 数据库自增列支持指定自增模式。

为满足用户不同的业务场景及需求，OceanBase 数据库自增列支持指定以下两种不同的自增模式：

* `ORDER` 模式：是基于集中缓存的自增列，自增列全局递增。

* `NOORDER` 模式：分布式缓存的自增列，只保证全局唯一，分区表拥有更好的性能。

### 设置自增模式

1. 通过配置项 `default_auto_increment_mode` 指定表自增的默认模式。

   如果建表时不显式指定自增模式，则会按照配置项的自增模式来指定，该配置项默认为 ORDER。

   ```SQL
   obclient> ALTER SYSTEM SET default_auto_increment_mode = 'ORDER|NOORDER';
   ```

2. 通过表选项 `AUTO_INCRENENT_MODE` 指定表的自增模式。

   ```SQL
    ... AUTO_INCRENENT_MODE= ORDER | NOORDER ...;
   ```

### 设置自增模式示例

* 建表时设置自增模式。

  ```SQL
  #默认模式
  obclient> CREATE TABLE tbl1 (col1 INT AUTO_INCREMENT);

  #指定 ORDER 模式

  obclient> CREATE TABLE tbl2 (col1 INT AUTO_INCREMENT) AUTO_INCRENENT_MODE=ORDER;

  #指定 NOORDER 模式
  obclient> CREATE TABLE tbl3 (col1 INT AUTO_INCREMENT) AUTO_INCRENENT_MODE=NOORDER;
  ```

* 修改表自增模式。

  ```SQL
  obclient> ALTER TABLE tbl1 auto_increment_mode = 'ORDER';

  obclient> ALTER TABLE tbl1 auto_increment_mode = 'NOORDER';
  ```

## 示例

下面创建了一个自增列，在使用 `INSERT` 语句插入记录时不需要指定自增列，OceanBase 数据库会自动为该列填充值。

如果在 `INSERT` 时指定了自增列的值，且这个值为 `0`，则 OceanBase 数据库会用自增列的下一个值填充列的值；如果这个值比当前最大值小，则不影响自增列的下一个值的计算；如果这个值比当前最大值大，则自增列会把插入值和自增列缓存值的和作为下次自增的起始值。

1. 创建 `t1` 表并指定列约束条件。

   ```sql
   obclient> CREATE TABLE t1(id bigint not null auto_increment primary key, name varchar(50), gmt_create timestamp not null default current_timestamp);
   Query OK, 0 rows affected

   obclient> INSERT INTO t1(name) VALUES('A'),('B'),('C');
   Query OK, 3 rows affected (0.01 sec)
   Records: 3  Duplicates: 0  Warnings: 0

   obclient> SELECT * FROM t1;
   +----+------+---------------------+
   | id | name | gmt_create          |
   +----+------+---------------------+
   |  1 | A    | 2020-04-03 17:09:55 |
   |  2 | B    | 2020-04-03 17:09:55 |
   |  3 | C    | 2020-04-03 17:09:55 |
   +----+------+---------------------+
   3 rows in set
   ```

   >**说明**
   >
   >* 指定 `id` 列数字类型为 `bigint`。
   >* 非空约束（`NOT NULL`）：不允许约束包含的列的值为 `NULL`。
   >* 设置自增列：`auto_increment`。
   >* `primary key`：设置 id 列为主键列。
   >* `name varchar(50)`：允许 name 列插入的数据类型为字符型（varchar），`50` 表示最大字符长度。
   >* 由于设置了 `id` 列为自增列，所以在使用 `INSERT` 语句插入记录时不需要指定自增列，OceanBase 数据库会自动为该列填充值。

2. 在 `t1` 表中插入一条数据且指定自增列的值为 `0` 。

   ```sql
   obclient> INSERT INTO t1(id, name) VALUES(0, 'D');
   Query OK, 1 row affected

   obclient> select * from t1;
   +----+------+---------------------+
   | id | name | gmt_create          |
   +----+------+---------------------+
   |  1 | A    | 2021-12-17 14:21:53 |
   |  2 | B    | 2021-12-17 14:21:53 |
   |  3 | C    | 2021-12-17 14:21:53 |
   |  4 | D    | 2021-12-17 14:22:36 |
   +----+------+---------------------+
   ```

   在 `INSERT` 时指定了自增列的值，且这个值为 `0`，则 OceanBase 数据库会用自增列的下一个值填充列的值。

3. 在 `t1` 表中插入一条数据并指定自增列的值为 `-1`。

   ```sql
   obclient> INSERT INTO t1(id, name) VALUES(-1,'E');
   Query OK, 1 row affected

   obclient> select * from t1;
   +----+------+---------------------+
   | id | name | gmt_create          |
   +----+------+---------------------+
   | -1 | E    | 2021-12-17 15:25:04 |
   |  1 | A    | 2021-12-17 14:21:53 |
   |  2 | B    | 2021-12-17 14:21:53 |
   |  3 | C    | 2021-12-17 14:21:53 |
   |  4 | D    | 2021-12-17 14:22:36 |
   +----+------+---------------------+
   5 rows in set
   ```

   因为 `-1` 比当前自增列的最大值小，所以不影响自增列的下一个值的计算。

4. 在 `t1` 表中插入一条数据并指定自增列的值为 `10`。

   ```sql
   obclient> INSERT INTO t1(id, name) VALUES(10,'F');
   Query OK, 1 row affected (0.01 sec)

   obclient> select * from t1;
   +----+------+---------------------+
   | id | name | gmt_create          |
   +----+------+---------------------+
   | -1 | E    | 2021-12-17 15:25:04 |
   |  1 | A    | 2021-12-17 14:21:53 |
   |  2 | B    | 2021-12-17 14:21:53 |
   |  3 | C    | 2021-12-17 14:21:53 |
   |  4 | D    | 2021-12-17 14:22:36 |
   | 10 | F    | 2021-12-17 15:33:28 |
   +----+------+---------------------+
   6 rows in set
   ```

   因为 `10` 比当前自增列的最大值大，所以此时不指定自增列的值，在 `name` 列插入一条数据 `G` ,则自增列会把插入值 （10）和自增列缓存值（1000000）的和作为下次自增的起始值（1000011）。

   查询结果如下：

   ```sql
   obclient> INSERT INTO t1(name) VALUES('G');
   Query OK, 1 row affected

   obclient> SELECT * FROM t1;
   +---------+------+---------------------+
   | id      | name | gmt_create          |
   +---------+------+---------------------+
   |      -1 | E    | 2020-04-03 17:10:24 |
   |       1 | A    | 2020-04-03 17:09:55 |
   |       2 | B    | 2020-04-03 17:09:55 |
   |       3 | C    | 2020-04-03 17:09:55 |
   |       4 | D    | 2020-04-03 17:10:19 |
   |      10 | F    | 2020-04-03 17:10:29 |
   | 1000011 | G    | 2020-04-03 17:10:34 |
   +---------+------+---------------------+
   7 rows in set
   ```
